coin,date,target,price_change_percent,price_trend_7d,volatility_7d,avg_volume_7d,avg_price_7d,news_volume_change,sentiment_change,positive_change,negative_change,negative_spike,positive_spike,price_sentiment_alignment,divergence
btc,2025-09-26,1,0.6852555252105409,-5.786376232706674,2272.7205983682124,44028192769.85714,113382.68742048551,0.0,0.0,0.0,0.0,0.0,0.0,-0.0,0.0
btc,2025-09-28,1,2.2687225594463025,-4.899783411367587,2149.376922967121,47668255055.71429,111667.50072408603,0.0,0.0,0.0,0.0,0.0,0.0,-0.0,0.0
btc,2025-09-29,1,1.9319841819074444,-0.4917332875736982,1599.4904621977737,49470475106.57143,111215.79981457979,0.0,0.0,0.0,0.0,0.0,0.0,-0.0,0.0
btc,2025-10-01,1,3.9281271770470014,0.620945302136726,2092.6714864564465,49505471799.28571,111732.15286471753,0.0,0.0,0.0,0.0,0.0,0.0,0.0,0.0
btc,2025-10-02,1,1.7792547427457763,8.754960829247693,3165.4919064828678,52825848351.42857,112472.53506930536,0.0,0.0,0.0,0.0,0.0,0.0,0.0,0.0
btc,2025-10-03,1,1.3584357842897072,9.936641716182336,3867.3112376488248,52364570397.28571,114136.56206644168,0.0,0.0,0.0,0.0,0.0,0.0,0.0,0.0
btc,2025-10-05,1,0.9194635557218803,9.129773935019442,3920.9638282155825,58045276966.57143,117746.0006372454,0.0,0.0,0.0,0.0,0.0,0.0,0.0,0.0
btc,2025-10-06,1,1.0261211034997604,8.045755528755674,3604.5933434733856,63864824351.28571,119369.37371906683,0.0,0.0,0.0,0.0,0.0,0.0,0.0,0.0
btc,2025-10-07,0,-2.608528317545243,9.427189816844415,3357.448162733326,65546637948.71429,120864.28197900252,0.0,0.0,0.0,0.0,0.0,0.0,0.0,0.0
btc,2025-10-08,1,1.5090254383865394,2.54466570135127,1871.7909517158942,68170778362.85714,121934.92885046682,0.0,0.0,0.0,0.0,0.0,0.0,0.0,0.0
btc,2025-10-09,0,-1.3412570819882002,2.2724041904150085,1276.0957031614196,67121614607.14286,122627.68033013928,0.0,0.0,0.0,0.0,0.0,0.0,0.0,0.0
btc,2025-10-10,0,-6.981452353643809,-0.4516323229104029,1071.0814798947383,67242251178.0,122782.86769469253,0.0,0.0,0.0,0.0,0.0,0.0,-0.0,0.0
btc,2025-10-11,0,-2.0747242836046174,-7.500511649862379,3542.5670439364167,76934648703.85715,121490.23751940124,0.0,0.0,0.0,0.0,0.0,0.0,-0.0,0.0
btc,2025-10-12,1,3.9118925623128007,-10.244886554401813,5088.068479863621,87432111445.42857,119843.40602714501,0.0,0.0,0.0,0.0,0.0,0.0,-0.0,0.0
btc,2025-10-14,0,-1.7928073708768966,-5.181482369614251,4486.514028174953,90457096304.85715,117290.85760626927,0.0,0.0,0.0,0.0,0.0,0.0,-0.0,0.0
btc,2025-10-15,0,-2.1632856506933242,-8.265689819007605,4311.602608691036,92617663486.14285,116096.25953520047,0.0,0.0,0.0,0.0,0.0,0.0,-0.0,0.0
btc,2025-10-16,0,-2.37735761595068,-9.030023738829586,3457.174046276575,93517848642.0,114289.99735428079,0.0,0.0,0.0,0.0,0.0,0.0,-0.0,0.0
btc,2025-10-17,0,-1.511071524215527,-4.527326163024869,2416.739889419307,95328684947.71428,112344.09706178775,0.0,0.0,0.0,0.0,0.0,0.0,-0.0,0.0
btc,2025-10-18,1,0.669266491038041,-3.9777904516287994,3126.8418372289952,87231974048.42857,111378.65010585308,0.0,0.0,0.0,0.0,0.0,0.0,-0.0,0.0
btc,2025-10-19,1,1.3672882851026378,-6.974214753267239,3464.9649620857094,76627541186.57143,110850.49106837284,0.0,0.0,0.0,0.0,0.0,0.0,-0.0,0.0
btc,2025-10-20,1,1.8296960701498246,-5.729055171146586,3024.20723580694,69701340024.85715,109912.14298175888,0.0,0.0,0.0,0.0,0.0,0.0,-0.0,0.0
btc,2025-10-21,0,-1.918900892983074,-2.251745486498379,2180.017247742664,68489460136.42857,109253.04133491621,0.0,0.0,0.0,0.0,0.0,0.0,-0.0,0.0
btc,2025-10-22,0,-0.7998037855668302,-2.007581691191498,1488.1344840146123,70579395382.85715,108585.83179047295,0.0,0.0,0.0,0.0,0.0,0.0,-0.0,0.0
btc,2025-10-23,1,2.2580627468126084,-0.4240523881893927,1228.6469436975062,72739265274.14285,108144.3685137224,0.0,0.0,0.0,0.0,0.0,0.0,-0.0,0.0
btc,2025-10-24,1,0.8626068876515853,3.3866816965667077,1395.5440451694458,68656334160.57143,108426.05274980588,0.0,0.0,0.0,0.0,0.0,0.0,0.0,0.0
btc,2025-10-25,1,0.5608264103640188,3.5852410259480534,1381.1839896342285,62198572250.57143,109076.65166715598,0.0,0.0,0.0,0.0,0.0,0.0,0.0,0.0
btc,2025-10-26,1,2.5584079796840933,2.7611334752154884,1377.7747223885256,60598863492.28571,109714.40966667859,0.0,0.0,0.0,0.0,0.0,0.0,0.0,0.0
btc,2025-10-28,0,-1.079362089223794,5.2510797816002475,2426.9691723317846,60659187261.42857,111061.42400274414,0.0,0.0,0.0,0.0,0.0,0.0,0.0,0.0
btc,2025-10-29,0,-2.5707573366302614,4.954469346897026,2246.2648766170637,55010345924.14286,111699.17343209102,0.0,0.0,0.0,0.0,0.0,0.0,0.0,0.0
btc,2025-10-30,0,-1.6410346476508648,-0.001680181225954407,1713.6377244522278,52187332979.0,112046.06523020995,0.0,0.0,0.0,0.0,0.0,0.0,-0.0,0.0
btc,2025-10-31,1,1.231643425188274,-2.4838681266318345,2090.083408599135,54538226499.85714,111787.81480368723,0.0,0.0,0.0,0.0,0.0,0.0,-0.0,0.0
btc,2025-11-02,1,0.5781745330007632,-3.8976521095118315,2288.5640603197553,56167253025.85714,111354.94728649002,0.0,0.0,0.0,0.0,0.0,0.0,-0.0,0.0
btc,2025-11-03,0,-3.7316897734209236,-3.093798118575969,1902.1536765537198,55112325341.42857,110808.40400180842,0.0,0.0,0.0,0.0,0.0,0.0,-0.0,0.0
btc,2025-11-04,0,-4.586709416079814,-5.692113368547654,1849.1670883687332,56727129885.28571,109713.87433183556,0.0,0.0,0.0,0.0,0.0,0.0,-0.0,0.0
btc,2025-11-05,1,2.2066016532082875,-7.643480072895938,2938.28956586968,62822302642.14286,108097.43510185396,0.0,0.0,0.0,0.0,0.0,0.0,-0.0,0.0
btc,2025-11-06,0,-2.4599244857529614,-4.030649280913026,3139.68011316184,64657814028.85714,107216.19087345092,0.0,0.0,0.0,0.0,0.0,0.0,-0.0,0.0
btc,2025-11-07,1,2.0463777052305083,-7.530319577288911,3700.3883301331657,63439145398.85714,106227.88730306928,0.0,0.0,0.0,0.0,0.0,0.0,-0.0,0.0
btc,2025-11-08,0,-1.0696218118509693,-6.015637279410895,3529.896319794033,68414361948.14286,105345.34139730269,0.0,0.0,0.0,0.0,0.0,0.0,-0.0,0.0
btc,2025-11-09,1,2.3653712249349756,-7.555405624613787,3076.0580387804785,72151140323.14285,104241.91305141566,0.0,0.0,0.0,0.0,0.0,0.0,-0.0,0.0
btc,2025-11-10,1,1.1454472236962634,-1.7005159984387457,1704.8695176326864,75701667979.42857,103393.26581345111,0.0,0.0,0.0,0.0,0.0,0.0,-0.0,0.0
btc,2025-11-11,0,-2.783800294349537,4.205034857817666,1550.970776102598,74627114194.0,103305.83523987394,0.0,0.0,0.0,0.0,0.0,0.0,0.0,0.0
btc,2025-11-12,0,-1.3976847410623698,-0.8829438097859502,1409.9579666882832,69204625269.42857,103495.1926144857,0.0,0.0,0.0,0.0,0.0,0.0,-0.0,0.0
btc,2025-11-13,0,-1.7644060799543528,0.19646971236779834,1552.4573858270073,67240126258.85714,103158.58531948345,0.0,0.0,0.0,0.0,0.0,0.0,0.0,0.0
btc,2025-11-14,0,-5.288314184580485,-3.545231763951103,1885.6643616504475,72432286925.57143,102931.13004820269,0.0,0.0,0.0,0.0,0.0,0.0,-0.0,0.0
btc,2025-11-15,1,1.1136530578078963,-7.658356595000796,3486.2632060968967,75228189765.57143,101654.03140054959,0.0,0.0,0.0,0.0,0.0,0.0,-0.0,0.0
btc,2025-11-16,0,-1.1485709722828132,-8.787505165941088,4068.573332658846,73509074993.57143,100685.19897945535,0.0,0.0,0.0,0.0,0.0,0.0,-0.0,0.0
btc,2025-11-17,0,-2.515168444875032,-10.856240127260804,4206.9189361599865,75322315212.85715,99214.0062444935,22.0,-0.28201500783589756,6.0,14.0,1.0,1.0,3.061622644557841,0.0
btc,2025-11-18,1,0.8507839736246678,-10.609914379533256,3837.5009622737502,79357749388.0,97232.24235611489,31.0,-0.3657262806870764,7.0,22.0,1.0,1.0,3.8803245244350277,0.0
btc,2025-11-19,0,-1.5691495435810099,-8.571515885613543,3274.3014544123776,84047600763.42857,95783.5257232582,39.0,-0.37888504903859055,8.0,27.0,1.0,1.0,3.247619216655745,0.0
btc,2025-11-20,0,-5.158862390850319,-8.389789401132063,2588.9114148049944,86842666672.71428,94332.32140788647,52.0,-0.35147805089274275,11.0,33.0,1.0,1.0,2.948826826110489,0.0
btc,2025-11-21,0,-1.8443983328692313,-8.264576699194379,2734.7807320408074,86658051997.71428,92463.68129125246,13.0,-0.07430828083790353,1.0,7.0,1.0,0.0,2.944861148953809,0.0
btc,2025-11-23,1,2.4812922302525053,-10.304595046778818,3705.7293580744804,90297763656.85715,89573.64162549993,-17.0,0.20856313170791368,-1.0,-18.0,0.0,0.0,1.7550983856835642,0.0
btc,2025-11-24,1,1.6656437547286356,-5.707371494774344,3211.486658726455,88555112576.42857,88484.00136786653,-11.0,0.199401116351548,3.0,-10.0,0.0,0.0,1.1586905819272215,0.0
btc,2025-11-25,0,-1.041632665929717,-4.945500663471927,2867.743167481917,85956784023.28572,87940.09163967088,-4.0,0.05087998062632715,2.0,-2.0,0.0,0.0,1.144170315350868,0.0
btc,2025-11-26,1,3.6237351550850323,-4.436078541604624,2063.8674546288275,80830953357.0,87153.03055174167,8.0,0.0009348311794123709,5.0,7.0,1.0,1.0,0.8165578759040226,0.0
btc,2025-11-27,1,0.8895724458933529,4.413451137586946,1812.9724422363659,78944175511.28572,87026.02317927928,23.0,-0.15204291421105154,8.0,15.0,1.0,1.0,-0.7920314069176636,0.0
btc,2025-12-01,0,-4.562502829760898,2.4673500323330995,1412.6826429696032,59567181132.14286,89927.29862641737,3.0,-0.3666458550586619,-3.0,7.0,1.0,0.0,-1.1437634791518283,0.0
btc,2025-12-02,1,5.86827748189438,-1.1783673053202366,1845.324598654858,61764707817.0,89649.03259649899,14.0,-0.11995860727943686,3.0,8.0,1.0,0.0,0.3797061578612605,0.0
btc,2025-12-03,1,2.4902418433448044,0.9621590620766886,1643.9168310727334,63933507100.71429,90225.37561821287,24.0,-0.08638178539301333,5.0,16.0,1.0,1.0,-0.3267201305362345,0.0
btc,2025-12-04,0,-1.579515269020988,2.5639800867218376,2034.0590703715516,65610464874.57143,90674.69143656633,25.0,0.054712023097090445,9.0,13.0,1.0,1.0,-0.7261293615606016,0.0
btc,2025-12-05,0,-3.075310393483054,1.3087655913544176,2092.1500931572655,66836622304.28571,90797.78338316541,17.0,0.2494606271988355,10.0,3.0,0.0,1.0,-0.2000675072467447,0.0
btc,2025-12-07,1,1.0287943373325354,-1.2847806000513522,2195.737909183489,62968727698.71429,90334.92968109323,-10.0,0.24817024505827373,-2.0,-12.0,0.0,0.0,0.1264333309377722,0.0
btc,2025-12-08,1,0.5048044643042175,4.498545062768487,2196.2595870810264,62051309678.28571,90300.16148885894,-4.0,0.09630496782752182,-2.0,-4.0,0.0,0.0,-0.28772144262164734,0.0
btc,2025-12-09,1,2.3231134618888927,-0.7955349029458986,1465.3003489890186,55262382674.57143,90919.66982067202,1.0,0.062255079976268224,-1.0,0.0,0.0,0.0,0.06675349150056846,0.0
btc,2025-12-10,0,-0.7744302017887212,-0.9573052469969185,1595.993615858756,51181965921.0,91116.59567341411,13.0,-0.0045490975017696,6.0,7.0,1.0,1.0,0.08627170159988924,0.0
btc,2025-12-11,1,0.5315352837689645,-0.14713046700025043,1308.4001818609759,47004897976.85714,90885.9813364717,25.0,0.033659959902047176,14.0,13.0,1.0,1.0,0.01322262616194424,0.0
btc,2025-12-12,0,-2.364383038623766,3.568681183245099,1361.5900274923106,44912623883.14286,90936.47743910688,11.0,-0.17739047079036632,4.0,12.0,1.0,1.0,-0.7642747778152006,0.0
btc,2025-12-14,0,-2.245416483589366,0.10483485006867027,1051.4565583470826,48907102213.85714,91224.02543163912,-10.0,-0.1323754397657005,-6.0,-3.0,0.0,0.0,-0.022366878216659582,0.0
btc,2025-12-15,0,-2.0592079042470552,-2.6344412995393527,1465.7617404320076,48892194418.28571,90948.00642501167,158.0,-0.11061376597107694,52.0,85.0,1.0,1.0,0.6515937328667503,0.0
btc,2025-12-16,1,3.6511619535604756,-6.80443919916069,2170.033515077907,49629909403.0,90347.41578202636,272.0,-0.03383315599165207,85.0,151.0,1.0,1.0,1.8500608225924602,0.0
eth,2025-09-26,1,4.505094027178293,-13.58727156561343,211.4110778232355,33531714953.0,4254.7160736945325,0.0,0.0,0.0,0.0,0.0,0.0,-0.0,0.0
eth,2025-09-28,1,3.0778262086907358,-9.762323331267556,170.33877208718448,36100955299.57143,4126.571277659423,0.0,0.0,0.0,0.0,0.0,0.0,-0.0,0.0
eth,2025-09-29,1,1.7811680648202877,-1.3836375524747533,108.922337216346,36921789344.0,4082.1382110463674,0.0,0.0,0.0,0.0,0.0,0.0,-0.0,0.0
eth,2025-09-30,0,-1.6932846936472572,1.1862693030973621,111.45076945180736,34295575710.42857,4084.3754989694567,0.0,0.0,0.0,0.0,0.0,0.0,0.0,0.0
eth,2025-10-01,1,4.819266733212092,-0.10669391161253249,109.39374498204802,34882810078.85714,4081.2383437543217,0.0,0.0,0.0,0.0,0.0,0.0,-0.0,0.0
eth,2025-10-02,1,3.224120869726171,12.448377364008456,142.82534033898338,36704541752.28571,4109.137651728627,0.0,0.0,0.0,0.0,0.0,0.0,0.0,0.0
eth,2025-10-03,1,0.7081351030501248,11.070039261514806,154.77447373909723,33510692553.142857,4197.843788631306,0.0,0.0,0.0,0.0,0.0,0.0,0.0,0.0
eth,2025-10-04,0,-0.6212115408068094,12.383546003524351,173.28173894878182,33871717289.142857,4266.223952507539,0.0,0.0,0.0,0.0,0.0,0.0,0.0,0.0
eth,2025-10-05,1,0.6153419203929944,8.350564378089365,154.09328916713534,34384045779.71429,4333.300980874333,0.0,0.0,0.0,0.0,0.0,0.0,0.0,0.0
eth,2025-10-06,1,3.8493459865466906,7.109490777568467,142.80868500176925,37055326344.42857,4386.655513428445,0.0,0.0,0.0,0.0,0.0,0.0,0.0,0.0
eth,2025-10-07,0,-5.007393376049497,13.148430720517998,157.1918930561597,37992510139.85714,4454.301077038064,0.0,0.0,0.0,0.0,0.0,0.0,0.0,0.0
eth,2025-10-08,1,1.6444575718186785,2.540923100599063,94.93155521795151,40248443923.85714,4498.600791251646,0.0,0.0,0.0,0.0,0.0,0.0,0.0,0.0
eth,2025-10-09,0,-3.5102336172447797,0.971714940812479,70.90284656962915,39374502001.57143,4524.833079981283,0.0,0.0,0.0,0.0,0.0,0.0,0.0,0.0
eth,2025-10-10,0,-12.200946876849523,-3.257694366638363,89.45546954987714,39606984002.28571,4508.353536192118,0.0,0.0,0.0,0.0,0.0,0.0,-0.0,0.0
eth,2025-10-11,0,-2.252943898796044,-14.530223569315027,251.40536094599958,46008912579.57143,4411.192646747891,0.0,0.0,0.0,0.0,0.0,0.0,-0.0,0.0
eth,2025-10-12,1,10.94924598879839,-16.966748089595,337.40163986677595,50800638930.57143,4305.694294502414,0.0,0.0,0.0,0.0,0.0,0.0,-0.0,0.0
eth,2025-10-13,1,2.0791774503413905,-11.28998835822393,328.6721439992059,53270256021.57143,4254.895425334789,0.0,0.0,0.0,0.0,0.0,0.0,-0.0,0.0
eth,2025-10-14,0,-2.7631419159080473,-4.6721072109252,277.6603939082937,54021985596.28571,4191.621957735958,0.0,0.0,0.0,0.0,0.0,0.0,-0.0,0.0
eth,2025-10-15,0,-3.529618521159451,-8.805802067098917,256.1968199751671,55889333175.57143,4145.130526902713,0.0,0.0,0.0,0.0,0.0,0.0,-0.0,0.0
eth,2025-10-16,0,-2.3337065118176494,-8.824123085283293,206.0115888432415,57058350118.85714,4067.355731351496,0.0,0.0,0.0,0.0,0.0,0.0,-0.0,0.0
eth,2025-10-17,0,-1.5154782787966103,1.4226194592881072,171.12645658647028,57335712296.0,3999.005711617591,0.0,0.0,0.0,0.0,0.0,0.0,0.0,0.0
eth,2025-10-18,1,1.5205205331485856,2.1878158541960997,171.7308258790237,51869344215.71429,3998.3787593012394,0.0,0.0,0.0,0.0,0.0,0.0,0.0,0.0
eth,2025-10-19,1,2.457322484416284,-6.496342852921118,148.03614180327338,46970134250.14286,4018.4188799082917,0.0,0.0,0.0,0.0,0.0,0.0,-0.0,0.0
eth,2025-10-21,0,-2.5460743901936507,-3.635319622338938,89.6859258283653,41388876296.14286,3955.2645870786373,0.0,0.0,0.0,0.0,0.0,0.0,-0.0,0.0
eth,2025-10-22,0,-1.9522025180803273,-2.6528531454272435,57.54512937884326,38987907702.0,3919.350122924504,0.0,0.0,0.0,0.0,0.0,0.0,-0.0,0.0
eth,2025-10-23,1,1.4217331755741978,-2.272595802002545,63.50515327938791,38545877394.57143,3893.441031431485,0.0,0.0,0.0,0.0,0.0,0.0,-0.0,0.0
eth,2025-10-24,1,2.007088239815138,0.64203530956312,64.87886534591861,36752095265.14286,3888.532862144647,0.0,0.0,0.0,0.0,0.0,0.0,0.0,0.0
eth,2025-10-26,1,5.29772329466509,-0.8246518213133729,63.65075703842493,32473559957.57143,3912.0618081155912,0.0,0.0,0.0,0.0,0.0,0.0,-0.0,0.0
eth,2025-10-27,0,-0.9223558137866356,4.59438004989829,107.4659408486841,31984929992.42857,3937.2781412362447,0.0,0.0,0.0,0.0,0.0,0.0,0.0,0.0
eth,2025-10-28,0,-3.4170842740721095,6.337068574881687,125.76001746682529,32153772320.0,3957.909007741565,0.0,0.0,0.0,0.0,0.0,0.0,0.0,0.0
eth,2025-10-29,0,-2.1332709456793286,4.748341079297545,121.45968110111933,30666681398.714287,3972.8840922219265,0.0,0.0,0.0,0.0,0.0,0.0,0.0,0.0
eth,2025-10-30,0,-2.4391875769232687,1.076733697211762,105.8256652279015,29496684495.57143,3986.5367311331647,0.0,0.0,0.0,0.0,0.0,0.0,0.0,0.0
eth,2025-10-31,1,1.1835696209134614,-3.3289899091347053,116.40305037023012,30149299164.714287,3978.8871951750302,0.0,0.0,0.0,0.0,0.0,0.0,-0.0,0.0
eth,2025-11-01,1,0.6475640223868893,-2.654597962190841,124.79928785641388,30547648523.0,3966.610896241342,0.0,0.0,0.0,0.0,0.0,0.0,-0.0,0.0
eth,2025-11-02,1,0.9783264444847888,-6.953566731278199,129.18071500713756,30566134151.857143,3955.182087421367,0.0,0.0,0.0,0.0,0.0,0.0,-0.0,0.0
eth,2025-11-03,0,-7.91232143821378,-5.168585806853832,97.98404563598693,29094434032.285713,3919.25406926615,0.0,0.0,0.0,0.0,0.0,0.0,-0.0,0.0
eth,2025-11-04,0,-8.441981651881717,-9.582303224733609,112.17138903719189,30660876557.714287,3844.612538097023,0.0,0.0,0.0,0.0,0.0,0.0,-0.0,0.0
eth,2025-11-05,1,3.9720051194466914,-15.410832462281485,207.75405300809345,35392934767.0,3746.6741053989895,0.0,0.0,0.0,0.0,0.0,0.0,-0.0,0.0
eth,2025-11-06,0,-3.465085989608977,-9.852069269965574,223.49944819548384,36943241417.14286,3679.5785802209493,0.0,0.0,0.0,0.0,0.0,0.0,-0.0,0.0
eth,2025-11-07,1,3.790757503093679,-13.993716827323013,249.91979296910208,36542658064.14286,3609.0961231336305,0.0,0.0,0.0,0.0,0.0,0.0,-0.0,0.0
eth,2025-11-08,0,-0.9577304708094786,-11.307766191617114,235.02405336151207,37422372955.0,3550.1037018714546,0.0,0.0,0.0,0.0,0.0,0.0,-0.0,0.0
eth,2025-11-09,1,5.138832593607941,-13.008261918212652,197.60613999381684,38616434060.57143,3482.8533453205896,0.0,0.0,0.0,0.0,0.0,0.0,-0.0,0.0
eth,2025-11-11,0,-4.147136512324626,8.125194277567335,101.95749785274933,37821447346.14286,3430.004063722321,0.0,0.0,0.0,0.0,0.0,0.0,0.0,0.0
eth,2025-11-13,0,-5.099896821522278,3.0431786342345752,87.91966617405357,31402173260.0,3444.5699825792494,0.0,0.0,0.0,0.0,0.0,0.0,0.0,0.0
eth,2025-11-14,0,-3.9906433095086373,-5.783438530779616,105.93631448401203,33413053316.57143,3434.114192775664,0.0,0.0,0.0,0.0,0.0,0.0,-0.0,0.0
eth,2025-11-15,1,2.0444108203876157,-8.668576565847243,156.05697133888015,34279118419.0,3387.292772680677,0.0,0.0,0.0,0.0,0.0,0.0,-0.0,0.0
eth,2025-11-16,0,-2.158477684838962,-11.356621870156903,173.12131831046392,34033699557.857143,3354.243284166499,0.0,0.0,0.0,0.0,0.0,0.0,-0.0,0.0
eth,2025-11-17,0,-2.5916427748501265,-12.986658258783768,165.66709950819367,34653492831.14286,3286.447869138541,1.0,-0.4529994912445545,0.0,1.0,0.0,0.0,5.882949584195939,0.0
eth,2025-11-18,1,3.1748042573610262,-11.574611677905217,142.86742583849104,35775867504.0,3208.8323779714274,3.0,-0.28038605364660424,1.0,2.0,0.0,0.0,3.245359690859744,0.0
eth,2025-11-19,0,-3.1911171874062885,-8.575511166890553,116.62390647202572,36351563239.14286,3166.0382720998546,3.0,-0.28038605364660424,1.0,2.0,0.0,0.0,2.4044537340868284,0.0
eth,2025-11-20,0,-6.152931949195353,-6.736638536626853,71.64544078202007,37415928140.71429,3110.0574015096595,3.0,-0.28038605364660424,1.0,2.0,0.0,0.0,1.8888594941284385,0.0
eth,2025-11-21,0,-2.3775252267825357,-8.837082846876251,102.91405953721093,36511383769.71429,3052.3917903721513,2.0,0.13917020273705322,1.0,1.0,0.0,0.0,2.773335422317018,0.0
eth,2025-11-23,1,1.1268115180225586,-10.73831729317738,142.26499315826626,36654712204.85714,2946.19733031062,-2.0,-0.2729431421806415,-1.0,-1.0,0.0,0.0,5.941824472371645,0.0
eth,2025-11-24,1,5.4829592410015,-7.330853121668625,134.11511038620625,35202982793.14286,2903.072778114258,0.0,0.15533066261559725,0.0,0.0,0.0,0.0,0.28406082479270484,0.0
eth,2025-11-26,1,2.4510876753797364,-2.077770727683604,95.41599493002659,31746390739.714287,2870.1941167264076,0.0,1.0291610471904278,1.0,-1.0,0.0,0.0,-0.9886694920619153,1.0
eth,2025-11-28,1,0.5811034963991774,9.074163750738547,107.60485497586374,25583690712.714287,2897.804452309344,-1.0,-0.47583185136318207,-1.0,0.0,0.0,0.0,0.0,0.0
eth,2025-11-29,0,-1.381495541560925,9.55414695000795,100.97205342205774,21335749354.714287,2936.1473704149125,-1.0,-0.47583185136318207,-1.0,0.0,0.0,0.0,0.0,0.0
eth,2025-12-01,0,-6.475380255586967,1.3376958108320245,29.961348868529313,19786710781.714287,2995.5237181378784,4.0,-0.29369379486888647,1.0,3.0,0.0,0.0,-0.39287295906346936,0.0
eth,2025-12-02,1,7.027930390037625,-5.279432284763484,75.31796499194458,20471293437.285713,2973.482167600441,4.0,-0.29369379486888647,1.0,3.0,0.0,0.0,1.5505365024655033,0.0
eth,2025-12-03,1,6.6647005253063,-1.0479385045376652,75.24142825044818,21065503728.57143,2979.297121886369,5.0,-0.29020260870456693,1.0,4.0,0.0,0.0,0.30411448777879313,0.0
eth,2025-12-04,0,-1.9312318531431856,5.962212080559497,106.89327057555593,22427607293.142857,3003.28737085437,5.0,-0.29020260870456693,1.0,4.0,0.0,0.0,-1.7302494994282496,0.0
eth,2025-12-05,0,-3.543475049169561,3.3154663015650865,116.40216204090636,24049191727.0,3020.1568588438727,-1.0,0.0337001783773303,0.0,-1.0,0.0,0.0,-0.8620000740997912,0.0
eth,2025-12-06,1,0.5525653692108139,1.0505169171709268,116.29295179846649,25109542442.857143,3018.6598267165946,-1.0,0.0337001783773303,0.0,-1.0,0.0,0.0,-0.2731276924808298,0.0
eth,2025-12-08,1,2.3696591102328712,9.072390158395507,115.37557583939873,25981528815.42857,3034.126641847585,1.0,0.02436637133359909,1.0,0.0,0.0,0.0,-2.285076451676065,0.0
eth,2025-12-09,1,6.308079282022727,4.325136047782467,66.57016702687147,24310704338.857143,3080.73873758956,-3.0,0.25999361649155617,-1.0,-2.0,0.0,0.0,0.0,0.0
eth,2025-12-11,0,-2.7105994433091527,6.144879357883953,119.19577016339929,25403132325.857143,3146.105778767105,0.0,-0.3273422531783581,-1.0,1.0,0.0,0.0,-3.5591985909346864,0.0
eth,2025-12-12,0,-4.659373652209207,7.061411243614265,122.9983791351997,25673248111.857143,3160.734405229854,49.0,0.04490617858436035,28.0,15.0,1.0,1.0,0.3171009943633523,0.0
eth,2025-12-13,1,0.9693894481521229,1.5120993498796462,114.61837843467845,25312741071.285713,3169.6858729205537,80.0,0.0865666949248407,46.0,23.0,1.0,1.0,0.1308974431170813,0.0
eth,2025-12-14,0,-1.5964877796183923,2.0389643305828735,104.9626391822871,25132952240.0,3180.5239951637027,103.0,0.10744849403922274,61.0,29.0,1.0,1.0,0.21908364672082167,0.0
eth,2025-12-15,0,-3.294828466404954,-1.9143703248309718,102.86040726664848,24843263177.142857,3182.3118387522486,178.0,0.6474322309381225,102.0,53.0,1.0,1.0,-0.13059544337713067,0.0
eth,2025-12-16,1,0.9017817274835219,-10.774536547177258,127.93168089509564,25529109008.0,3159.3357095391225,110.0,-0.02882972133986986,55.0,41.0,1.0,1.0,-0.17321637612989538,0.0
bnb,2025-09-26,1,1.7238675450829257,-3.896211106092557,33.66903982920194,2909506475.714286,1006.5685567113098,0.0,0.0,0.0,0.0,0.0,0.0,-0.0,0.0
bnb,2025-09-27,1,0.8327517256795665,-7.840081937972965,36.6478685676205,2948091271.428571,1003.424644368547,0.0,0.0,0.0,0.0,0.0,0.0,-0.0,0.0
bnb,2025-09-28,1,2.5320246365982424,-7.618441837179153,34.46025572174841,2800071754.571429,992.8924434432881,0.0,0.0,0.0,0.0,0.0,0.0,-0.0,0.0
bnb,2025-09-29,1,3.707487434167637,0.08260017112289335,26.11912232753763,2515665068.428571,984.9842891203414,0.0,0.0,0.0,0.0,0.0,0.0,0.0,0.0
bnb,2025-09-30,0,-2.049300719690294,1.2350762281364658,30.58342096265108,2295548632.714286,990.3618280647439,0.0,0.0,0.0,0.0,0.0,0.0,0.0,0.0
bnb,2025-10-01,1,1.6746829730620603,-0.8982959294832713,29.6333322966248,2142099736.5714285,989.1415466705504,0.0,0.0,0.0,0.0,0.0,0.0,-0.0,0.0
bnb,2025-10-02,1,6.286956331499488,8.62117500691551,30.81476971653976,2063998382.2857144,990.2488312847784,0.0,0.0,0.0,0.0,0.0,0.0,0.0,0.0
bnb,2025-10-03,1,9.14807593097994,13.493660467830388,40.560150377003694,1957753513.5714285,1011.0932867450056,0.0,0.0,0.0,0.0,0.0,0.0,0.0,0.0
bnb,2025-10-04,0,-3.4046954628325707,22.853085514602625,69.16376163124895,2305611368.142857,1043.8609305181208,0.0,0.0,0.0,0.0,0.0,0.0,0.0,0.0
bnb,2025-10-05,1,1.3867700539323649,15.73975302520108,70.02849035805667,2327011493.142857,1069.6974597329593,0.0,0.0,0.0,0.0,0.0,0.0,0.0,0.0
bnb,2025-10-06,1,5.070573441106484,13.149783264336651,69.08751034274746,2523184641.0,1094.3074450860993,0.0,0.0,0.0,0.0,0.0,0.0,0.0,0.0
bnb,2025-10-07,1,7.115836977607766,21.374453675908207,76.38514025466434,2830072070.571429,1122.0993375305218,0.0,0.0,0.0,0.0,0.0,0.0,0.0,0.0
bnb,2025-10-09,0,-3.873195127906637,19.826412477775627,75.67114527132892,4484622371.428572,1205.449741896096,0.0,0.0,0.0,0.0,0.0,0.0,0.0,0.0
bnb,2025-10-10,0,-11.550836327821022,5.531225104305848,60.30051580225974,5062982460.142858,1229.1021848329344,0.0,0.0,0.0,0.0,0.0,0.0,0.0,0.0
bnb,2025-10-11,1,2.4586026490028803,-3.3685058864867834,72.72587495062683,5603839852.714286,1217.782196513799,0.0,0.0,0.0,0.0,0.0,0.0,-0.0,0.0
bnb,2025-10-12,1,14.116741403268374,-2.346944739542928,74.34724891455912,6349244312.0,1216.1519545496164,0.0,0.0,0.0,0.0,0.0,0.0,-0.0,0.0
bnb,2025-10-14,0,-6.247824167484298,-1.4210947483444127,78.35947990113735,8033251475.0,1244.982100179119,0.0,0.0,0.0,0.0,0.0,0.0,-0.0,0.0
bnb,2025-10-15,0,-4.169697380895785,-7.210044642484248,73.85830396804684,7902615538.285714,1230.777876933804,0.0,0.0,0.0,0.0,0.0,0.0,-0.0,0.0
bnb,2025-10-16,0,-1.549702634454737,-7.496254413576442,69.92671248393432,7766905060.428572,1210.0998158976788,0.0,0.0,0.0,0.0,0.0,0.0,-0.0,0.0
bnb,2025-10-17,0,-6.311160869032932,2.9633394179247596,70.44812370230494,7437938416.285714,1194.07877379748,0.0,0.0,0.0,0.0,0.0,0.0,0.0,0.0
bnb,2025-10-18,1,1.9512161741291156,-5.849626154285714,78.0118598431171,6981770576.857142,1188.4694120346155,0.0,0.0,0.0,0.0,0.0,0.0,-0.0,0.0
bnb,2025-10-19,1,1.5826255966008285,-15.886617521795316,83.65476001164107,6332658723.714286,1181.945439370917,0.0,0.0,0.0,0.0,0.0,0.0,-0.0,0.0
bnb,2025-10-20,0,-0.8247070656290785,-14.177541755985557,71.15506128607684,5390280813.428572,1154.9390929731724,0.0,0.0,0.0,0.0,0.0,0.0,-0.0,0.0
bnb,2025-10-21,0,-3.8837213831762885,-9.213121070349068,44.755462373630216,4475848567.571428,1127.4422340722774,0.0,0.0,0.0,0.0,0.0,0.0,-0.0,0.0
bnb,2025-10-22,1,1.2747755694602907,-8.942195615955582,34.34969274929568,3688334772.428571,1105.3803560779904,0.0,0.0,0.0,0.0,0.0,0.0,-0.0,0.0
bnb,2025-10-23,1,5.229235240532503,-6.329803468229059,26.926110276448572,3379992254.571429,1092.466158535714,0.0,0.0,0.0,0.0,0.0,0.0,-0.0,0.0
bnb,2025-10-24,0,-1.612591256480582,5.2082962847881396,22.76003309726213,3414644260.857143,1090.1271158944353,0.0,0.0,0.0,0.0,0.0,0.0,0.0,0.0
bnb,2025-10-25,1,0.6728517731000985,1.5306343388911274,22.173471415703958,2953631600.142857,1095.5027945354784,0.0,0.0,0.0,0.0,0.0,0.0,0.0,0.0
bnb,2025-10-26,1,1.8123607126757042,0.6213261490067502,23.28595898264063,2778680911.285714,1098.9577440405583,0.0,0.0,0.0,0.0,0.0,0.0,0.0,0.0
bnb,2025-10-28,0,-3.2345293301180433,7.811541065860868,29.75461465597327,2687908644.142857,1108.5324735928339,0.0,0.0,0.0,0.0,0.0,0.0,0.0,0.0
bnb,2025-10-30,0,-2.536012590075182,-1.824704974459453,13.787278402978298,2735658914.285714,1120.1320142625389,0.0,0.0,0.0,0.0,0.0,0.0,-0.0,0.0
bnb,2025-10-31,1,0.9283535350608536,-2.746135501152731,19.477055192624633,2513928845.142857,1113.1835543581233,0.0,0.0,0.0,0.0,0.0,0.0,-0.0,0.0
bnb,2025-11-01,1,0.5254718317828907,-2.4993109273048333,21.30578103137635,2635163451.857143,1110.2628090659985,0.0,0.0,0.0,0.0,0.0,0.0,-0.0,0.0
bnb,2025-11-02,0,-0.9827498234529936,-3.73170109848586,21.766468081776743,2614851525.571429,1107.0931865849705,0.0,0.0,0.0,0.0,0.0,0.0,-0.0,0.0
bnb,2025-11-03,0,-8.443574639217912,-4.979128372059716,19.170448539184022,2525243849.714286,1099.4959471657296,0.0,0.0,0.0,0.0,0.0,0.0,-0.0,0.0
bnb,2025-11-04,0,-5.372306016376547,-10.094259029654513,36.37988601527572,2622108620.285714,1078.3117932483594,0.0,0.0,0.0,0.0,0.0,0.0,-0.0,0.0
bnb,2025-11-05,1,2.245029231815651,-15.169616551388005,58.782701954714085,2839254101.428571,1054.7827148939252,0.0,0.0,0.0,0.0,0.0,0.0,-0.0,0.0
bnb,2025-11-06,0,-1.1761582467125384,-11.008309161725949,62.556820816389006,2778873678.428571,1033.8088625015246,0.0,0.0,0.0,0.0,0.0,0.0,-0.0,0.0
bnb,2025-11-07,1,4.417783520060746,-12.863923122415633,65.69177017751221,2615166754.0,1015.2317947498052,0.0,0.0,0.0,0.0,0.0,0.0,-0.0,0.0
bnb,2025-11-09,1,0.6488169416448902,-8.656668191539604,44.5751103558653,2676269849.142857,986.2730633049047,0.0,0.0,0.0,0.0,0.0,0.0,-0.0,0.0
bnb,2025-11-11,0,-3.4514115317671976,5.588889990824248,22.028024833663277,2480153748.857143,973.6702376469245,0.0,0.0,0.0,0.0,0.0,0.0,0.0,0.0
bnb,2025-11-13,0,-2.706953867623672,0.4466876639145208,19.58536596372286,1908656210.4285715,975.2708653384387,0.0,0.0,0.0,0.0,0.0,0.0,0.0,0.0
bnb,2025-11-14,0,-1.0160203291746144,-6.407089987194679,24.582003889555075,1932020794.7142856,972.1912381742083,0.0,0.0,0.0,0.0,0.0,0.0,-0.0,0.0
bnb,2025-11-15,1,1.5551982085998184,-7.292151121282761,29.52363606739723,1954945113.7142856,961.7787039980258,0.0,0.0,0.0,0.0,0.0,0.0,-0.0,0.0
bnb,2025-11-17,0,-2.3465817140571463,-6.340487617439039,23.472559254429648,1887098142.0,943.8197436884319,0.0,0.0,0.0,0.0,0.0,0.0,-0.0,0.0
bnb,2025-11-18,1,2.7946850173285345,-5.268718225114011,16.686149897209965,2094130130.2857144,931.7275154675968,1.0,-0.9557276125997305,0.0,1.0,0.0,0.0,5.035459490748903,0.0
bnb,2025-11-19,0,-3.9986845482905533,-2.1887812140147656,13.163320568649784,2277640893.428571,928.1432959435153,9.0,0.18091540700859493,5.0,2.0,0.0,0.0,-0.39598424418624784,1.0
bnb,2025-11-20,0,-3.1368621338144713,-3.487391518058209,13.250106506947775,2410302717.142857,919.8393820204681,13.0,0.1489402958406852,8.0,3.0,0.0,1.0,-0.5194131244118858,1.0
bnb,2025-11-21,0,-4.102408673971536,-5.5552814475603185,22.284761563415252,2462440767.714286,911.2107119999301,20.0,0.03959043649956584,11.0,7.0,1.0,1.0,-0.21993601738685298,0.0
bnb,2025-11-23,1,1.1463392039966434,-10.23466990057115,38.84332477697108,2733609808.428571,884.7773594789734,10.0,-0.2755394488333436,5.0,6.0,1.0,1.0,0.9684458327341405,0.0
bnb,2025-11-24,1,2.529115834480322,-7.023894438495668,36.54382215526069,2645944292.285714,872.5666110865134,7.0,-0.1965128453896166,2.0,6.0,1.0,0.0,0.334144566201799,0.0
bnb,2025-11-26,1,3.4581209353335183,-3.6737651489249434,20.7530998737375,2256442175.142857,856.4939877051002,9.0,0.32167024028409896,8.0,-1.0,0.0,1.0,-0.5585184436874544,1.0
bnb,2025-11-28,0,-0.8758199707756933,7.728078911933895,24.215126455421885,1942484972.2857144,860.1526011167878,14.0,0.23910483701733018,13.0,0.0,0.0,1.0,1.9625319706069535,0.0
bnb,2025-11-29,0,-1.5540613690780094,6.4881832536736646,22.554621812293345,1474099549.5714285,868.2084584741464,8.0,-0.0966317830823254,6.0,3.0,0.0,1.0,1.0392056080499732,0.0
bnb,2025-12-01,0,-5.731493132011913,1.5554979129928785,12.183962727887577,1324954104.7142856,878.9299894822465,-5.0,-0.2939574379027666,-5.0,2.0,0.0,0.0,-0.15685614253683502,0.0
bnb,2025-12-02,1,5.952829857966058,-3.9944804432609997,21.642554753547568,1396335350.142857,873.6634206095688,1.0,-0.20979808333825756,-2.0,4.0,1.0,0.0,-0.09510395093850466,0.0
bnb,2025-12-03,1,5.200849850553183,-1.6794777726647232,21.108281670718814,1468109940.142857,875.781969598123,20.0,-0.038656782795197714,15.0,6.0,1.0,1.0,-0.4013962824318479,1.0
bnb,2025-12-04,0,-2.397602047656849,3.0095400694635353,26.454746835700686,1555770390.4285715,880.1565410405001,37.0,0.05436901011788803,29.0,7.0,1.0,1.0,0.7577364846623621,0.0
bnb,2025-12-05,0,-1.8395729006262314,1.4281088608596946,26.902806599798897,1608438247.5714285,880.8469967405834,35.0,0.7413728346944684,33.0,0.0,0.0,1.0,0.42831250439504565,0.0
bnb,2025-12-06,1,0.7438948867011719,1.1339484810041889,26.798548237770888,1663134706.7142856,880.2919761877816,17.0,0.11667188731575939,12.0,2.0,0.0,1.0,0.23127397689520876,0.0
bnb,2025-12-08,1,0.507851889309185,7.900766958174304,26.974206900759096,1726604770.0,884.7989062232347,-7.0,-0.42048068912615916,-18.0,9.0,1.0,0.0,-0.2210202040240924,0.0
bnb,2025-12-10,0,-0.5560881327414179,-2.487321679273358,11.287381971984617,1558110249.142857,898.0230402070256,24.0,0.051983404652173326,10.0,11.0,1.0,1.0,-0.2553905107872921,1.0
bnb,2025-12-11,0,-0.9805518039042312,-0.6475005501247636,5.369607189611863,1526708274.5714285,894.0311586658017,46.0,0.035767248739665816,23.0,18.0,1.0,1.0,-0.01487962484027164,0.0
bnb,2025-12-13,1,1.717344405247535,-0.9079518985136155,5.737348652180604,1477997135.142857,891.7299463574001,16.0,-0.09231315628657566,10.0,5.0,1.0,1.0,-0.043562520575505095,0.0
bnb,2025-12-14,0,-2.1088035234147444,0.4978474184606154,6.002707793928679,1462937623.142857,892.7394831821395,-16.0,-0.01756573988381644,-5.0,-8.0,0.0,0.0,0.024077361864305574,0.0
bnb,2025-12-15,0,-2.2742618782379505,-2.1185475344852445,7.821394673299776,1427205413.0,890.671280765496,-24.0,0.07845121828246523,-12.0,-10.0,0.0,0.0,-0.2643790832257878,1.0
bnb,2025-12-16,1,0.9037784823923664,-4.557678721211788,13.128278715437663,1474650367.7142856,885.1014652468209,-24.0,0.1289964700442587,-11.0,-10.0,0.0,0.0,-0.6536521909280715,1.0
xrp,2025-09-26,1,1.7211305641922896,-8.426313294018971,0.08757203684050915,5708984642.142858,2.8984508018341235,0.0,0.0,0.0,0.0,0.0,0.0,-0.0,0.0
xrp,2025-09-27,1,0.771986599720188,-6.3984657640022276,0.08591782665481923,6170101020.714286,2.869179188426823,0.0,0.0,0.0,0.0,0.0,0.0,-0.0,0.0
xrp,2025-09-28,1,2.036509219653251,-5.568587241649266,0.07540169908765494,6152185321.571428,2.8450426808806273,0.0,0.0,0.0,0.0,0.0,0.0,-0.0,0.0
xrp,2025-09-29,1,0.5972532678964455,0.48463241130030055,0.0561291383742451,6179332390.857142,2.8295579734500014,0.0,0.0,0.0,0.0,0.0,0.0,0.0,0.0
xrp,2025-09-30,0,-1.2884632834005438,1.8738461129762771,0.05880748089254813,5527178034.0,2.8339763437897187,0.0,0.0,0.0,0.0,0.0,0.0,0.0,0.0
xrp,2025-10-01,1,3.510244218567599,-2.856514424429975,0.058880105381081606,5473585795.0,2.836244595770681,0.0,0.0,0.0,0.0,0.0,0.0,-0.0,0.0
xrp,2025-10-02,1,3.136206193212502,7.508786589852531,0.06266326015836028,5488319881.285714,2.8385601020496334,0.0,0.0,0.0,0.0,0.0,0.0,0.0,0.0
xrp,2025-10-04,0,-2.3555781608425335,8.319405125848736,0.08596193136122043,5062428866.714286,2.9175786263194428,0.0,0.0,0.0,0.0,0.0,0.0,0.0,0.0
xrp,2025-10-06,1,0.7029479152015756,3.075993758518031,0.06782879759093999,5540531198.428572,2.955823166454676,0.0,0.0,0.0,0.0,0.0,0.0,0.0,0.0
xrp,2025-10-07,0,-4.497421988117061,5.155453719384359,0.061332293113341506,5725553138.142858,2.9714710006888274,0.0,0.0,0.0,0.0,0.0,0.0,0.0,0.0
xrp,2025-10-08,1,0.8229021574709967,-2.9794877016722108,0.057804110835206854,6035691047.142858,2.973203033624244,0.0,0.0,0.0,0.0,0.0,0.0,-0.0,0.0
xrp,2025-10-09,0,-2.6207504919536997,-5.155619158640621,0.06608886324530722,5809183051.857142,2.964027449222166,0.0,0.0,0.0,0.0,0.0,0.0,-0.0,0.0
xrp,2025-10-10,0,-15.017092264326912,-7.769221122511285,0.07819232437858513,5575185349.285714,2.930873660102572,0.0,0.0,0.0,0.0,0.0,0.0,-0.0,0.0
xrp,2025-10-12,1,6.092387811319144,-19.685984327785754,0.24059052632033132,7644545565.571428,2.7535377445352522,0.0,0.0,0.0,0.0,0.0,0.0,-0.0,0.0
xrp,2025-10-13,1,2.912633733660101,-15.3877232615285,0.23294253756393493,8274030458.285714,2.6907581846941766,0.0,0.0,0.0,0.0,0.0,0.0,-0.0,0.0
xrp,2025-10-14,0,-3.793037021311174,-8.822647234989288,0.19832572521524774,8555347169.428572,2.635527740332178,0.0,0.0,0.0,0.0,0.0,0.0,-0.0,0.0
xrp,2025-10-15,0,-3.806433775779768,-12.996987646142284,0.17944315402530067,8672044995.285715,2.585402549910294,0.0,0.0,0.0,0.0,0.0,0.0,-0.0,0.0
xrp,2025-10-16,0,-3.5493208430510736,-14.056330554530156,0.1400200054957584,8756255976.571428,2.5182906565798358,0.0,0.0,0.0,0.0,0.0,0.0,-0.0,0.0
xrp,2025-10-17,0,-1.2680908685105716,-2.4589119374613406,0.0920989486297455,8921791144.428572,2.449739621909963,0.0,0.0,0.0,0.0,0.0,0.0,-0.0,0.0
xrp,2025-10-18,1,2.7833705301527503,-3.7793529867413698,0.10531676873505928,7866164792.857142,2.4371535803718425,0.0,0.0,0.0,0.0,0.0,0.0,-0.0,0.0
xrp,2025-10-19,1,1.2711304973991842,-6.780471072028864,0.1075213904624994,6705646808.428572,2.433400293993381,0.0,0.0,0.0,0.0,0.0,0.0,-0.0,0.0
xrp,2025-10-20,1,4.2053243344728735,-8.267364885416265,0.10028471097554345,5750752641.142858,2.4131663560246097,0.0,0.0,0.0,0.0,0.0,0.0,-0.0,0.0
xrp,2025-10-21,0,-2.6715215612297545,-0.6409858682628766,0.07332836736468464,5175354846.714286,2.396756001065816,0.0,0.0,0.0,0.0,0.0,0.0,-0.0,0.0
xrp,2025-10-22,0,-2.4949800890855625,0.5312729759607773,0.06025098970811539,4733932071.714286,2.384957675157629,0.0,0.0,0.0,0.0,0.0,0.0,0.0,0.0
xrp,2025-10-23,1,1.3152000383761566,1.6302203247306957,0.059637457318164944,4591620943.714286,2.3781490589954646,0.0,0.0,0.0,0.0,0.0,0.0,0.0,0.0
xrp,2025-10-24,1,4.620344594291191,4.289344678136288,0.055642575710067275,4066637310.0,2.3880042027539554,0.0,0.0,0.0,0.0,0.0,0.0,0.0,0.0
xrp,2025-10-25,1,3.5491583043712485,6.153233946911818,0.05419559508187743,3612230484.428571,2.417874545343616,0.0,0.0,0.0,0.0,0.0,0.0,0.0,0.0
xrp,2025-10-26,1,2.0108573423498104,8.54108147604833,0.07584085479012918,3746078257.714286,2.4513165252453506,0.0,0.0,0.0,0.0,0.0,0.0,0.0,0.0
xrp,2025-10-28,0,-1.0393655142316638,8.734193295777146,0.10930210152286038,3855940427.142857,2.508661277567659,0.0,0.0,0.0,0.0,0.0,0.0,0.0,0.0
xrp,2025-10-29,0,-2.1373113053429424,10.357443839091967,0.10782613762697536,3909782235.571429,2.534988587059663,0.0,0.0,0.0,0.0,0.0,0.0,0.0,0.0
xrp,2025-10-30,0,-4.498531771383532,6.59680055383971,0.08197424019875432,3988507775.571429,2.561991547942437,0.0,0.0,0.0,0.0,0.0,0.0,0.0,0.0
xrp,2025-10-31,1,2.9038514163740645,-2.694346870654555,0.06985608983833012,4385294294.0,2.5681532375665923,0.0,0.0,0.0,0.0,0.0,0.0,-0.0,0.0
xrp,2025-11-02,1,0.9186978774805624,-5.339164781782907,0.07179792508348652,4197787932.714286,2.5558926797748867,0.0,0.0,0.0,0.0,0.0,0.0,-0.0,0.0
xrp,2025-11-03,0,-8.70788587463649,-4.084999810381632,0.06186148546266301,4028129339.142857,2.538998659449057,0.0,0.0,0.0,0.0,0.0,0.0,-0.0,0.0
xrp,2025-11-04,0,-4.056212481571078,-11.517512098165096,0.08924672490866746,4211317497.428571,2.4921767296045423,0.0,0.0,0.0,0.0,0.0,0.0,-0.0,0.0
xrp,2025-11-05,1,6.003243553527826,-13.25248537935283,0.11809174874107342,4785866024.714286,2.4358965405350483,0.0,0.0,0.0,0.0,0.0,0.0,-0.0,0.0
xrp,2025-11-06,0,-5.865184512978016,-3.713334563789525,0.11085161402518791,5038574076.714286,2.406565749314031,0.0,0.0,0.0,0.0,0.0,0.0,-0.0,0.0
xrp,2025-11-07,1,4.827809371403294,-11.918481573411373,0.129058686423179,5003749752.142858,2.373972553466939,0.0,0.0,0.0,0.0,0.0,0.0,-0.0,0.0
xrp,2025-11-08,0,-1.3367776406375518,-7.537059246146758,0.11753265346222547,5173318852.571428,2.346504867328485,0.0,0.0,0.0,0.0,0.0,0.0,-0.0,0.0
xrp,2025-11-09,1,3.552716281091249,-9.603553400249968,0.0989942972280443,5348578605.285714,2.3151146061372843,0.0,0.0,0.0,0.0,0.0,0.0,-0.0,0.0
xrp,2025-11-10,1,6.848979065323937,2.5367599079627268,0.056448664956554935,5465504148.428572,2.2920337068037635,0.0,0.0,0.0,0.0,0.0,0.0,0.0,0.0
xrp,2025-11-11,0,-5.456078915523997,14.191323859584271,0.10060180908328348,5478884113.142858,2.323546137686183,0.0,0.0,0.0,0.0,0.0,0.0,0.0,0.0
xrp,2025-11-13,0,-2.1756260967722727,7.878692099528529,0.09244877287571097,4480507456.857142,2.353925896055794,0.0,0.0,0.0,0.0,0.0,0.0,0.0,0.0
xrp,2025-11-14,0,-3.540432653662376,0.6714303715510909,0.07294984880411373,4746639888.571428,2.371383674210245,0.0,0.0,0.0,0.0,0.0,0.0,0.0,0.0
xrp,2025-11-15,0,-0.5954855590992412,-1.577078210487904,0.08327288254138923,4907655548.857142,2.361813389372211,0.0,0.0,0.0,0.0,0.0,0.0,-0.0,0.0
xrp,2025-11-16,0,-0.7710188421894919,-5.51978642661927,0.09121355238918967,4886637792.142858,2.35475254185049,0.0,0.0,0.0,0.0,0.0,0.0,-0.0,0.0
xrp,2025-11-17,0,-2.5980110525194564,-12.257698534234601,0.10256041645831766,5049323485.571428,2.3336329586701092,2.0,-0.5355305336415768,0.0,2.0,0.0,0.0,6.564371837256229,0.0
xrp,2025-11-18,1,2.467524125727395,-9.605244001263713,0.08146704000221118,5049851474.714286,2.2811304677866997,3.0,-0.2789871753193438,1.0,2.0,0.0,0.0,2.6797398921656352,0.0
xrp,2025-11-19,0,-4.84302894296579,-7.105266090303106,0.07035505390983045,5262937589.0,2.255949212194992,3.0,-0.2789871753193438,1.0,2.0,0.0,0.0,1.982278116425981,0.0
xrp,2025-11-20,0,-5.062116499113649,-9.638251150572826,0.06524709425843372,5495185415.714286,2.2164412900761445,4.0,-0.29362193203996867,1.0,3.0,0.0,0.0,2.830001924317644,0.0
xrp,2025-11-21,0,-2.497412010089091,-11.063739749098238,0.08257648014882026,5407306701.428572,2.169105881653484,1.0,0.5324499043636024,2.0,-1.0,0.0,0.0,0.03408328059496081,0.0
xrp,2025-11-23,1,4.823474055534069,-12.054550084077672,0.1095219299782218,5718606699.428572,2.085764724752889,-1.0,0.1573164607398212,0.0,-1.0,0.0,0.0,1.4666857226643746,0.0
xrp,2025-11-24,1,8.764514823470341,-5.353600196657869,0.09546788664642487,5701390949.571428,2.061007728790966,0.0,0.5247512503992766,1.0,-1.0,0.0,0.0,-2.5324559013293895,1.0
xrp,2025-11-25,0,-1.1332286777999656,0.46275483115787025,0.10685097262378411,5786656043.857142,2.070087447988177,0.0,0.9934106273576617,1.0,-1.0,0.0,0.0,0.4034018561512243,0.0
xrp,2025-11-26,1,1.1510566072514907,4.379406973106939,0.10406648580682187,5683044038.571428,2.0679503419221597,0.0,0.9934106273576617,1.0,-1.0,0.0,0.0,3.8177038527562175,0.0
xrp,2025-11-27,0,-1.0400152381090484,11.210476935369108,0.1175736553585812,5371370356.0,2.084746246329529,1.0,0.7775551397353411,1.0,0.0,0.0,0.0,9.772620185840006,0.0
xrp,2025-11-28,0,-0.9309273085887261,12.872769121015903,0.11793281450100364,4819851423.571428,2.113472176950968,1.0,-0.8521342184394598,0.0,1.0,0.0,0.0,-0.003130033898775535,0.0
xrp,2025-11-29,1,1.0170585878926381,11.780042119242042,0.09825729845637671,4165684519.142857,2.146406451736332,-1.0,-1.7638149745762348,-2.0,1.0,0.0,0.0,-10.508681801507015,0.0
xrp,2025-11-30,0,-1.7052557939136417,7.721015406667345,0.05786576573413721,4042567749.714286,2.1824044709528065,-1.0,-1.7638149745762348,-2.0,1.0,0.0,0.0,-6.8877252960468205,0.0
xrp,2025-12-01,0,-6.197275290753415,-2.64830701259767,0.019869325808655157,3738745144.571429,2.1995937748102214,0.0,-1.78366382047534,-1.0,1.0,0.0,0.0,2.3624886419233966,0.0
xrp,2025-12-02,1,6.205081272159034,-7.634749925065265,0.06004534543147458,3552203573.142857,2.1720096972539933,1.0,0.6912527680397034,0.0,1.0,0.0,0.0,1.5332279922233205,0.0
xrp,2025-12-03,1,2.1432975875704647,-3.019709136399816,0.05914272472355273,3475222183.285714,2.166030420264946,1.0,0.6912527680397034,0.0,1.0,0.0,0.0,0.6064249152549851,0.0
xrp,2025-12-04,0,-4.817210767879064,0.09992153540192757,0.05659756007064017,3477035962.0,2.163039963986356,1.0,0.6912527680397034,0.0,1.0,0.0,0.0,-0.0200664719352755,0.0
xrp,2025-12-05,0,-2.925480152727475,-3.8268000818583365,0.0582685057666816,3570666005.714286,2.1481914994753573,5.0,-0.4592852499336004,0.0,5.0,0.0,0.0,1.7575928320422287,0.0
xrp,2025-12-08,1,1.6364830538709356,0.4234473604722005,0.0648792802345346,3517874097.428571,2.0852602457183607,11.0,0.19098953816753167,6.0,4.0,1.0,1.0,-0.0041636544011182195,0.0
xrp,2025-12-09,1,1.755550032139969,-3.8964437143220882,0.0614412321211908,3188547168.714286,2.091257269349348,17.0,0.7014817204947272,11.0,3.0,0.0,1.0,-0.2723140080329009,0.0
xrp,2025-12-10,0,-3.085779818558374,-4.261263725992469,0.05618498431291715,3071104933.142857,2.084449196038778,56.0,0.2767859045064962,32.0,20.0,1.0,1.0,-0.1220787666968003,0.0
xrp,2025-12-12,0,-1.287884026924808,0.009725404147501997,0.026281280433273456,3096361167.142857,2.0530011303086986,67.0,-0.13809974658750482,36.0,26.0,1.0,1.0,0.00037536011673237505,0.0
xrp,2025-12-13,1,0.6873379772972393,-1.1251738509249893,0.030021709168987738,3006461669.571429,2.0492834602287435,60.0,0.01634701386364734,36.0,22.0,1.0,1.0,-0.06487929498538271,0.0
xrp,2025-12-14,0,-2.1130431773278513,-0.7863841699479476,0.030892040147259856,2991655340.714286,2.047989603847921,-14.0,0.08358776333203397,-4.0,-8.0,0.0,0.0,-0.09839441512013561,0.0
xrp,2025-12-15,0,-4.244497776789355,-4.44652710159272,0.038956411860228767,2827091434.285714,2.039589668563294,-7.0,0.12002874669722384,2.0,-9.0,0.0,0.0,-0.6532191301132706,1.0
xrp,2025-12-16,1,3.1843413989813016,-10.080867494019358,0.06030875454365193,2885968565.142857,2.01441026346884,3.0,0.061163395327994474,4.0,-5.0,0.0,1.0,-1.1192811464333157,1.0
sol,2025-09-26,1,6.7323241740138835,-19.36599968596071,16.24619146605256,7912160330.0,221.82060147750033,0.0,0.0,0.0,0.0,0.0,0.0,-0.0,0.0
sol,2025-09-27,0,-0.7532279489707151,-14.341831516085618,15.565595934133995,8264819252.0,217.07513147474202,0.0,0.0,0.0,0.0,0.0,0.0,-0.0,0.0
sol,2025-09-28,1,3.522105393616453,-13.975887806520301,13.05504298031798,8318210390.142858,211.94820929477646,0.0,0.0,0.0,0.0,0.0,0.0,-0.0,0.0
sol,2025-09-29,1,1.0365646532216304,-4.353275745610989,8.353926188669506,8441680107.714286,208.24769066554586,0.0,0.0,0.0,0.0,0.0,0.0,-0.0,0.0
sol,2025-09-30,0,-1.9866956895978234,-0.5834812887008861,7.1359102021829335,7677725259.142858,207.1894956508192,0.0,0.0,0.0,0.0,0.0,0.0,-0.0,0.0
sol,2025-10-01,1,5.998864960950628,-1.369020412579543,6.607153033215245,7599351199.857142,206.4066444807063,0.0,0.0,0.0,0.0,0.0,0.0,-0.0,0.0
sol,2025-10-02,1,6.056381836832937,15.10926211148175,8.322302913946812,7603399181.285714,207.78132951100997,0.0,0.0,0.0,0.0,0.0,0.0,0.0,0.0
sol,2025-10-03,0,-0.6615739944556518,14.38026811397492,10.031140920187894,7349621976.0,213.843485230778,0.0,0.0,0.0,0.0,0.0,0.0,0.0,0.0
sol,2025-10-04,0,-2.1991847505640387,14.485897785091566,11.251408478368385,7227594953.142858,217.83557591001426,0.0,0.0,0.0,0.0,0.0,0.0,0.0,0.0
sol,2025-10-06,1,1.773170347818509,7.333300515396714,9.221949672926183,7696728632.428572,223.85891987716295,0.0,0.0,0.0,0.0,0.0,0.0,0.0,0.0
sol,2025-10-07,0,-5.0187911608883695,11.45068880396614,8.425750236753025,7786850499.714286,226.66852622298924,0.0,0.0,0.0,0.0,0.0,0.0,0.0,0.0
sol,2025-10-08,1,3.6843362604098076,-0.1336367851479632,5.150884597300397,8129934339.0,228.41480608684182,0.0,0.0,0.0,0.0,0.0,0.0,-0.0,0.0
sol,2025-10-09,0,-3.6043861887628768,-2.3672370739236572,4.235400011031009,7973517415.0,229.53536690596152,0.0,0.0,0.0,0.0,0.0,0.0,-0.0,0.0
sol,2025-10-10,0,-14.001039574219195,-5.259520522090311,4.608949238887211,7642949389.571428,227.56247507879561,0.0,0.0,0.0,0.0,0.0,0.0,-0.0,0.0
sol,2025-10-11,0,-6.100892866551932,-16.69207741714359,13.476251295269405,8724285116.571428,221.39486293737826,0.0,0.0,0.0,0.0,0.0,0.0,-0.0,0.0
sol,2025-10-12,1,10.506499381198484,-21.98177145243913,19.759816159473424,9895079253.285715,214.3044588275643,0.0,0.0,0.0,0.0,0.0,0.0,-0.0,0.0
sol,2025-10-13,1,5.52644562473256,-15.28689442169826,19.591003692471023,10612404613.428572,209.8038377847368,0.0,0.0,0.0,0.0,0.0,0.0,-0.0,0.0
sol,2025-10-14,0,-2.4772811530334704,-5.881668187089175,17.253240311495112,11181343839.571428,206.27990629587904,0.0,0.0,0.0,0.0,0.0,0.0,-0.0,0.0
sol,2025-10-15,0,-4.347356846372313,-11.474809573133783,16.188706679595782,11770595064.142857,203.68776835212134,0.0,0.0,0.0,0.0,0.0,0.0,-0.0,0.0
sol,2025-10-16,0,-4.840477481537985,-12.157118822963803,12.587978619184117,12111445590.857143,198.67348021966316,0.0,0.0,0.0,0.0,0.0,0.0,-0.0,0.0
sol,2025-10-17,0,-1.3563906878675505,-2.8001433032803416,9.491213769435863,12397059284.857143,193.49741822683964,0.0,0.0,0.0,0.0,0.0,0.0,-0.0,0.0
sol,2025-10-18,1,3.01431679296429,2.111138027755055,10.277673676484909,11444925840.571428,192.38016482071382,0.0,0.0,0.0,0.0,0.0,0.0,0.0,0.0
sol,2025-10-20,1,1.1800120783002275,-9.766937395214342,8.988223780882429,9150565369.857143,192.35637300263411,0.0,0.0,0.0,0.0,0.0,0.0,-0.0,0.0
sol,2025-10-21,0,-2.1307921856796868,-6.383020570409191,6.353707159824366,8376636010.142858,189.7714626146246,0.0,0.0,0.0,0.0,0.0,0.0,-0.0,0.0
sol,2025-10-22,0,-3.1021416586380868,-4.213628472052422,3.546287844941451,7603340113.0,187.34455301201518,0.0,0.0,0.0,0.0,0.0,0.0,-0.0,0.0
sol,2025-10-23,1,6.331135932741143,-2.463841623969766,3.1631957793623355,7255716592.285714,185.35364758873683,0.0,0.0,0.0,0.0,0.0,0.0,-0.0,0.0
sol,2025-10-24,1,1.0716985921389663,5.137378761377757,3.771713719814638,6741855776.142858,186.3322342805397,0.0,0.0,0.0,0.0,0.0,0.0,0.0,0.0
sol,2025-10-26,1,3.1235034029895647,3.4058338075305805,4.54109955936071,5968226887.714286,188.88329926756703,0.0,0.0,0.0,0.0,0.0,0.0,0.0,0.0
sol,2025-10-27,0,-0.6296044836453848,5.392079280319016,5.925466390999102,5959864676.714286,190.6618705123856,0.0,0.0,0.0,0.0,0.0,0.0,0.0,0.0
sol,2025-10-28,0,-2.2161639125825174,7.008658149615729,6.546499737102672,6041152432.142858,191.94421237404293,0.0,0.0,0.0,0.0,0.0,0.0,0.0,0.0
sol,2025-10-30,0,-5.114922140572391,1.4608552364859813,2.8536263840641434,6145400093.857142,195.20271890319196,0.0,0.0,0.0,0.0,0.0,0.0,0.0,0.0
sol,2025-10-31,1,1.6150818077550229,-4.749585859370799,4.699744857749956,6456637292.0,194.18303281767837,0.0,0.0,0.0,0.0,0.0,0.0,-0.0,0.0
sol,2025-11-03,0,-11.361940521231864,-5.842211385250384,5.003126068465871,6165386833.571428,190.36261641997447,0.0,0.0,0.0,0.0,0.0,0.0,-0.0,0.0
sol,2025-11-04,0,-6.276097102962488,-14.648841755785993,8.835383567891196,6605172110.285714,185.66488620061105,0.0,0.0,0.0,0.0,0.0,0.0,-0.0,0.0
sol,2025-11-05,1,4.58656944345885,-19.929484807312768,12.890085406878658,7095580005.142858,180.10890351990898,0.0,0.0,0.0,0.0,0.0,0.0,-0.0,0.0
sol,2025-11-06,0,-4.794011446012454,-11.742702999305653,12.685573346454829,6910570456.142858,175.5982701067385,0.0,0.0,0.0,0.0,0.0,0.0,-0.0,0.0
sol,2025-11-07,1,4.539079161196972,-17.309290524896106,13.926977433549247,6489086281.571428,171.39291621690603,0.0,0.0,0.0,0.0,0.0,0.0,-0.0,0.0
sol,2025-11-08,0,-2.2989091272737565,-13.135122453280768,12.560462792364653,6609994967.571428,167.7664677870207,0.0,0.0,0.0,0.0,0.0,0.0,-0.0,0.0
sol,2025-11-09,1,3.864681071856571,-15.51319773735009,10.264745100102274,6763618349.285714,163.73797321356238,0.0,0.0,0.0,0.0,0.0,0.0,-0.0,0.0
sol,2025-11-10,1,1.9967247600102485,-0.9996967059832353,4.007914856423249,6957608772.714286,160.462558397207,0.0,0.0,0.0,0.0,0.0,0.0,-0.0,0.0
sol,2025-11-11,0,-7.879586381601797,7.738862489864783,4.3493066552576005,6356821535.857142,160.69416119509154,0.0,0.0,0.0,0.0,0.0,0.0,0.0,0.0
sol,2025-11-12,0,-0.7458145781501003,-5.103029689604124,4.5618962302550825,5594609924.285714,160.5274254082419,0.0,0.0,0.0,0.0,0.0,0.0,-0.0,0.0
sol,2025-11-13,0,-5.247778772919449,-1.0679724015604373,5.101669278440799,5453852841.428572,159.17727977229814,0.0,0.0,0.0,0.0,0.0,0.0,-0.0,0.0
sol,2025-11-14,0,-4.238923311971274,-10.329903030842313,7.03698071081593,5703396449.857142,157.79255319566883,0.0,0.0,0.0,0.0,0.0,0.0,-0.0,0.0
sol,2025-11-16,0,-1.5000087696791964,-15.022341927682728,10.480117740999187,5935477697.428572,151.87261392792905,0.0,0.0,0.0,0.0,0.0,0.0,-0.0,0.0
sol,2025-11-17,0,-4.952076743138952,-17.935614162209003,10.137858546959954,5980438902.571428,148.04820707486934,0.0,0.0,0.0,0.0,0.0,0.0,-0.0,0.0
sol,2025-11-18,1,7.585181769454404,-15.327676669550097,7.9860538002281585,6257791118.428572,142.7825182835928,0.0,0.0,0.0,0.0,0.0,0.0,-0.0,0.0
sol,2025-11-19,0,-2.963587024909016,-8.220623063588235,6.44190510405896,6486642254.428572,140.81898500042075,0.0,0.0,0.0,0.0,0.0,0.0,-0.0,0.0
sol,2025-11-20,0,-2.075227217579633,-6.008097671352107,4.077973371745725,6528113194.0,138.424635672314,0.0,0.0,0.0,0.0,0.0,0.0,-0.0,0.0
sol,2025-11-21,0,-3.8317600786172004,-3.8843756017321462,3.2793600007460304,6725341811.142858,136.77428812283188,0.0,0.0,0.0,0.0,0.0,0.0,-0.0,0.0
sol,2025-11-22,0,-0.666188826149369,-7.957107899079838,4.19584229156814,6979146342.285714,135.27160951485715,0.0,0.0,0.0,0.0,0.0,0.0,-0.0,0.0
sol,2025-11-23,1,2.5236667431818383,-7.177948448045425,4.512715274513756,6995598656.285714,133.5625539429738,0.0,0.0,0.0,0.0,0.0,0.0,-0.0,0.0
sol,2025-11-24,1,5.746119037761376,0.12272497541484749,4.27812530522348,6863664546.571428,132.61275425774926,0.0,0.0,0.0,0.0,0.0,0.0,0.0,0.0
sol,2025-11-26,1,2.8173657930616915,1.8847873543635305,4.297864576805696,6292804777.857142,133.48186569373718,1.0,0.019303537905216217,0.0,0.0,0.0,0.0,0.0363830641382286,0.0
sol,2025-11-27,0,-1.4641699169735303,6.975233666740624,5.3943768423579845,6265605443.142858,134.40869675913606,1.0,0.019303537905216217,0.0,0.0,0.0,0.0,0.13464668748366793,0.0
sol,2025-11-28,0,-2.386961941749664,9.608883933980184,5.816454166895818,5570580041.142858,135.44105661807978,2.0,-0.43120670132339,0.0,1.0,0.0,0.0,-4.143415144570914,0.0
sol,2025-11-29,0,-1.0035667903736434,7.710114336038915,5.084939260460266,4863665141.714286,136.72453145049093,2.0,-0.43120670132339,0.0,1.0,0.0,0.0,-3.3246529696695197,0.0
sol,2025-11-30,0,-1.110736352890439,4.004445788884292,3.5542460508895704,4733334521.142858,137.93320050550534,0.0,-0.9010204784572124,0.0,1.0,0.0,0.0,-3.530787689581383,0.0
sol,2025-12-01,0,-5.818198117109286,-2.7394749454984613,2.605482087028397,4657451672.857142,138.46579894003366,0.0,-0.9010204784572124,0.0,1.0,0.0,0.0,2.41544146766375,0.0
sol,2025-12-02,1,9.41765950704911,-8.819038438524643,4.863050655920491,4717374768.285714,136.80572538769962,-2.0,0.43120670132339,0.0,-1.0,0.0,0.0,-0.0,0.0
sol,2025-12-03,1,4.577747077475049,-2.9657361020223956,4.843479941434894,5018774715.0,136.75966946454213,-1.0,0.8817169405519962,0.0,-1.0,0.0,0.0,-0.0,0.0
sol,2025-12-04,0,-4.156882174052425,2.984109427213056,5.264933195319785,5084100860.857142,137.06108225928543,-1.0,0.8817169405519962,0.0,-1.0,0.0,0.0,0.0,0.0
sol,2025-12-05,0,-4.175559802385431,1.1168008943904775,5.114818001114529,5222529265.857142,136.80018106728895,0.0,0.0,0.0,0.0,0.0,0.0,0.0,0.0
sol,2025-12-06,0,-0.7403070854194865,-2.123131853033044,5.2514662098879805,5158969756.0,136.19033389323593,2.0,-0.0842657103203237,1.0,1.0,0.0,0.0,0.17890721369953458,0.0
sol,2025-12-08,1,1.254224576079096,3.8576630242034975,5.610556025735746,5229133068.0,135.21663181888758,14.0,-0.3073212354044829,4.0,8.0,1.0,0.0,-1.1855417663724126,0.0
sol,2025-12-09,1,3.544957577675867,-3.8909515778669737,4.570506255902735,5002581356.142858,136.15098887102633,37.0,0.13851171159311323,21.0,9.0,1.0,1.0,-0.5389423627762792,1.0
sol,2025-12-10,0,-1.0869726078649917,-4.840105856095347,4.523163493921286,4958925789.428572,136.05511346240127,63.0,0.10543812208880599,34.0,19.0,1.0,1.0,-0.10247671418829313,0.0
sol,2025-12-12,0,-2.911910497560822,2.4332086072314745,2.2909039809936638,5228692462.142858,134.4718219195881,95.0,0.4078340136926978,60.0,22.0,1.0,1.0,0.24456855726763324,0.0
sol,2025-12-13,1,0.5689436244848679,0.19217502354431712,2.362196110255527,5358223939.571428,134.3672499668849,60.0,-0.11270432428883992,31.0,21.0,1.0,1.0,0.007405949908607866,0.0
sol,2025-12-14,0,-2.735653390379682,1.2036090897859442,2.2548058067190855,5343787189.428572,134.51121365765428,11.0,0.08317201658943442,6.0,-1.0,0.0,1.0,0.14519306064576898,0.0
sol,2025-12-15,0,-1.4470024473226668,-2.7842743958067944,2.7010634213596694,5129868144.428572,134.21691713347835,-38.0,-0.06749966775532812,-31.0,-7.0,0.0,0.0,-0.21367384404558049,0.0
sol,2025-12-16,1,2.050330582486201,-7.471098625304458,3.5496083469519437,5186952304.285714,133.4189068702975,-60.0,0.034957360108891146,-36.0,-23.0,0.0,0.0,-0.39395234908928967,0.0
trx,2025-09-26,1,1.9789378432702374,-3.454672375928985,0.0046450490805393955,778462017.4285715,0.3399405915952997,0.0,0.0,0.0,0.0,0.0,0.0,-0.0,0.0
trx,2025-09-30,0,-1.03722987466239,0.24465416409442728,0.0020290903030180394,612200403.8571428,0.3363438320343379,0.0,0.0,0.0,0.0,0.0,0.0,0.0,0.0
trx,2025-10-01,1,2.486223571809483,-1.4056436429337316,0.002263282142612451,593804797.8571428,0.33596198099606467,0.0,0.0,0.0,0.0,0.0,0.0,-0.0,0.0
trx,2025-10-06,1,1.4328533743785616,1.3000466920630585,0.0031543321073519964,606593213.8571428,0.3398734972359176,0.0,0.0,0.0,0.0,0.0,0.0,0.0,0.0
trx,2025-10-07,0,-2.370813877259131,3.8284677148802753,0.003585176003793614,642277206.2857143,0.3411981439586253,0.0,0.0,0.0,0.0,0.0,0.0,0.0,0.0
trx,2025-10-08,1,1.2050652982080792,-1.092181504058266,0.0023177164895024833,667967340.4285715,0.3418493687598908,0.0,0.0,0.0,0.0,0.0,0.0,-0.0,0.0
trx,2025-10-09,0,-1.703072201162871,-0.25150923126019004,0.0023195733904820296,676827060.7142857,0.3418980605513448,0.0,0.0,0.0,0.0,0.0,0.0,-0.0,0.0
trx,2025-10-10,0,-4.510334820818098,-1.6830481454050057,0.002960211765581863,692143360.4285715,0.3409424278141719,0.0,0.0,0.0,0.0,0.0,0.0,-0.0,0.0
trx,2025-10-11,0,-2.017607542954068,-5.656702020690956,0.007462038749689797,806663774.0,0.3379530563444151,0.0,0.0,0.0,0.0,0.0,0.0,-0.0,0.0
trx,2025-10-12,1,2.6393336993641823,-7.826746894202871,0.010901357844081864,886729643.8571428,0.33427673271850217,0.0,0.0,0.0,0.0,0.0,0.0,-0.0,0.0
trx,2025-10-14,0,-1.8397004753436121,-4.477826566403932,0.009602765388031337,957048673.1428572,0.3283108941501078,0.0,0.0,0.0,0.0,0.0,0.0,-0.0,0.0
trx,2025-10-15,1,0.7625312099069508,-7.351621898968492,0.009376131144625372,1038554974.5714285,0.32529968504982587,0.0,0.0,0.0,0.0,0.0,0.0,-0.0,0.0
trx,2025-10-16,0,-1.2750108652715708,-5.027702299533237,0.006470078459371254,1074297637.7142856,0.3220517966656992,0.0,0.0,0.0,0.0,0.0,0.0,-0.0,0.0
trx,2025-10-17,0,-1.9753680608270576,-1.8099074807217366,0.0032120752285109606,1110611491.2857144,0.3190545388119329,0.0,0.0,0.0,0.0,0.0,0.0,-0.0,0.0
trx,2025-10-18,1,1.2993170472912614,-1.767578460639524,0.004572289881361422,1041545718.5714285,0.3173343792768941,0.0,0.0,0.0,0.0,0.0,0.0,-0.0,0.0
trx,2025-10-19,1,2.320515673270965,-3.0500602918422643,0.0047307869812305055,962587663.1428572,0.31711356674782387,0.0,0.0,0.0,0.0,0.0,0.0,-0.0,0.0
trx,2025-10-20,1,0.7258815462936211,-0.7874765144842804,0.004344965214450526,882488647.2857143,0.31674431788872803,0.0,0.0,0.0,0.0,0.0,0.0,-0.0,0.0
trx,2025-10-23,0,-2.5328477451132145,2.1323544701295143,0.0049079077029911084,774924874.7142857,0.3177808168850262,0.0,0.0,0.0,0.0,0.0,0.0,0.0,0.0
trx,2025-10-24,0,-3.204350919495621,1.5515135977991752,0.005034348022552534,741481536.5714285,0.3175760797173755,0.0,0.0,0.0,0.0,0.0,0.0,0.0,0.0
trx,2025-10-25,0,-2.2419743745906837,-2.9633667794852667,0.006440963736741897,730327661.8571428,0.31682429017928004,0.0,0.0,0.0,0.0,0.0,0.0,-0.0,0.0
trx,2025-10-26,1,1.2090147606539743,-7.290247566133343,0.009500202025027948,805652213.0,0.3145256418807559,0.0,0.0,0.0,0.0,0.0,0.0,-0.0,0.0
trx,2025-10-27,0,-0.7590975519452562,-6.845563836308248,0.010248922417813097,859020373.1428572,0.3117020245750082,0.0,0.0,0.0,0.0,0.0,0.0,-0.0,0.0
trx,2025-10-28,0,-0.8657929192545633,-7.293552923168176,0.010058204891575452,869809535.5714285,0.30822019154846014,0.0,0.0,0.0,0.0,0.0,0.0,-0.0,0.0
trx,2025-10-30,0,-1.2597261887153801,-5.664170875102028,0.005958210214189509,832766138.4285715,0.3007930378896681,0.0,0.0,0.0,0.0,0.0,0.0,-0.0,0.0
trx,2025-10-31,1,1.306360629931147,-3.768963930806804,0.003413633886261412,895049249.7142857,0.2977202413463386,0.0,0.0,0.0,0.0,0.0,0.0,-0.0,0.0
trx,2025-11-03,0,-5.74136306319107,-0.05068597606362335,0.0018771185516368155,687475918.2857143,0.2963435686258059,0.0,0.0,0.0,0.0,0.0,0.0,-0.0,0.0
trx,2025-11-04,1,1.5423715136715879,-4.96634431148685,0.005499216912162409,805090052.8571428,0.29387631323233215,0.0,0.0,0.0,0.0,0.0,0.0,-0.0,0.0
trx,2025-11-05,1,1.2603020243083685,-3.619369192421397,0.006150572276055313,933975517.2857143,0.29239733181236854,0.0,0.0,0.0,0.0,0.0,0.0,-0.0,0.0
trx,2025-11-06,0,-1.8824646418762327,-1.159563284972455,0.006039848422287468,922002528.4285715,0.29138010845875545,0.0,0.0,0.0,0.0,0.0,0.0,-0.0,0.0
trx,2025-11-07,1,3.0389604746795427,-4.270768549020168,0.006595430331867941,828038230.5714285,0.2901186045246028,0.0,0.0,0.0,0.0,0.0,0.0,-0.0,0.0
trx,2025-11-10,1,1.8984568477687302,3.4132986054318346,0.003953932067210145,892401908.7142857,0.28758077541348415,0.0,0.0,0.0,0.0,0.0,0.0,0.0,0.0
trx,2025-11-12,0,-0.8583377136548374,2.788357932067328,0.00419618668868197,629162394.5714285,0.29140453519748066,0.0,0.0,0.0,0.0,0.0,0.0,0.0,0.0
trx,2025-11-15,1,0.6093831210853282,0.4460926685424837,0.0022330229089187713,721976183.1428572,0.29361141143987884,0.0,0.0,0.0,0.0,0.0,0.0,0.0,0.0
trx,2025-11-16,0,-0.6628184340960434,1.2636663948075408,0.002016236969630977,729229079.8571428,0.29405168741529014,0.0,0.0,0.0,0.0,0.0,0.0,0.0,0.0
trx,2025-11-19,0,-1.2684744640153964,-1.4866539788492197,0.0014576910764856218,904261091.4285715,0.29260494005020077,18.0,0.09264265238824818,10.0,5.0,0.0,1.0,-0.1377275677841343,0.0
trx,2025-11-20,0,-2.1360864479570685,-2.2770822360379634,0.0023900573338276995,930765633.5714285,0.2914537506117099,26.0,0.05951274945758856,13.0,8.0,1.0,1.0,-0.13551542460765287,0.0
trx,2025-11-21,0,-1.4451445812288253,-4.177259095731467,0.004435680223523397,926792324.0,0.28962615734337455,18.0,0.4414290186638633,11.0,4.0,1.0,1.0,-0.4678459850990298,1.0
trx,2025-11-22,0,-0.7587686273551464,-6.134039562843106,0.006207350963483602,966241022.2857143,0.28730167382179406,9.0,0.17171873804605142,5.0,0.0,0.0,1.0,-0.5112843287410156,0.0
trx,2025-11-26,1,0.8137166850926199,-4.276727359864921,0.004217320631089164,850223761.8571428,0.2773228343653643,13.0,0.023661913994986274,4.0,5.0,1.0,1.0,0.21875712819543497,0.0
trx,2025-11-27,1,1.378027782953004,-1.3914471856822126,0.001993226966596725,796671061.7142857,0.27589152002874057,19.0,0.16059158450096017,7.0,6.0,1.0,1.0,-0.014727834179834627,0.0
trx,2025-12-01,0,-1.6165250051426556,2.529346253724335,0.00299162124571782,541401056.0,0.278476089930313,-11.0,0.0694597125319498,-2.0,-6.0,0.0,0.0,0.19904983052553443,0.0
trx,2025-12-02,1,1.4219849075306104,1.0842819115526519,0.002667394224529779,576227596.1428572,0.2788183474270544,-1.0,-0.1655271992724585,-4.0,1.0,0.0,0.0,-0.03341569263171686,0.0
trx,2025-12-04,1,1.931838493626494,0.12440183369879665,0.0013879959710257927,586273288.4285715,0.2804000684603524,20.0,-0.010990767163440274,13.0,5.0,1.0,1.0,0.020439936009238092,0.0
trx,2025-12-06,1,0.7019370014215933,1.615069373324083,0.002816005857882635,627933535.1428572,0.28186365470620856,3.0,0.31119875776143197,5.0,0.0,0.0,1.0,0.4430959132746396,0.0
trx,2025-12-08,0,-1.892008381702139,3.496866131578095,0.0036255872718802583,678268744.0,0.2835322165842991,-18.0,-0.14538873032267607,-14.0,0.0,0.0,0.0,0.23093167718763893,0.0
trx,2025-12-10,0,-0.7263316481009915,0.5903776171010368,0.0026055283928263697,613063823.1428572,0.28430305923894306,0.0,0.01767301330850883,-1.0,0.0,0.0,0.0,0.04615465284148966,0.0
trx,2025-12-12,0,-2.471646565629422,-1.6946788997370166,0.002834803474315401,618567673.1428572,0.28348497252647525,14.0,0.03873201526391011,9.0,1.0,0.0,1.0,-0.23333141846242222,1.0
trx,2025-12-13,0,-0.9978977279384085,-4.792734020494663,0.004267874546077056,586698214.4285715,0.28180275369850766,13.0,0.1455200091226115,7.0,3.0,0.0,1.0,-0.725944385622822,1.0
trx,2025-12-14,1,2.2617501640741318,-5.528044510965053,0.004967011102825024,569207932.5714285,0.27944401673996416,12.0,-0.07211532844378361,5.0,4.0,1.0,1.0,-0.4462632622544148,0.0
trx,2025-12-16,1,0.8876238984640014,-1.4509461746921701,0.003716062606874763,606705293.5714285,0.2775846364675588,-7.0,-0.3056486668886945,-7.0,2.0,0.0,0.0,0.14322542255312354,0.0
doge,2025-09-26,1,4.525198548246984,-16.17479972164354,0.01568088058277766,3161450612.428571,0.24803179577661222,0.0,0.0,0.0,0.0,0.0,0.0,-0.0,0.0
doge,2025-09-27,0,-0.7016087249107507,-13.118026827247725,0.01469309746157866,3107660627.142857,0.24333907223714837,0.0,0.0,0.0,0.0,0.0,0.0,-0.0,0.0
doge,2025-09-28,1,2.8297064645642953,-11.673959097033478,0.01126694642585107,3033177296.428571,0.2380920767735343,0.0,0.0,0.0,0.0,0.0,0.0,-0.0,0.0
doge,2025-09-29,0,-0.9215971417346767,-1.6268990044684877,0.006173646973077559,3000128479.714286,0.23466687641033132,0.0,0.0,0.0,0.0,0.0,0.0,-0.0,0.0
doge,2025-09-30,0,-1.0207682566885854,-1.026581267380279,0.00557966494027684,2584560464.142857,0.23379360022290344,0.0,0.0,0.0,0.0,0.0,0.0,-0.0,0.0
doge,2025-10-01,1,6.571516757215279,-3.3094235844781736,0.005359409973000035,2477983292.714286,0.2331021985037037,0.0,0.0,0.0,0.0,0.0,0.0,-0.0,0.0
doge,2025-10-02,1,5.522915514022668,11.543953266177216,0.007161755266993872,2417547588.714286,0.23414927341687633,0.0,0.0,0.0,0.0,0.0,0.0,0.0,0.0
doge,2025-10-03,0,-1.2103827747181644,12.608665853659035,0.010434432992104883,2319822452.857143,0.23977406956293265,0.0,0.0,0.0,0.0,0.0,0.0,0.0,0.0
doge,2025-10-04,0,-2.9821940269630804,12.031694099795901,0.01174349363729482,2357282805.142857,0.2435085581336946,0.0,0.0,0.0,0.0,0.0,0.0,0.0,0.0
doge,2025-10-05,1,0.8273430437033772,5.699700356046112,0.010700419889878996,2449023565.285714,0.2463743348700346,0.0,0.0,0.0,0.0,0.0,0.0,0.0,0.0
doge,2025-10-06,1,5.274889174104064,7.565520234126922,0.010203845595990213,2678611188.857143,0.248603537193359,0.0,0.0,0.0,0.0,0.0,0.0,0.0,0.0
doge,2025-10-07,0,-7.098722930505974,14.40731577882532,0.010165040396146938,2893539854.0,0.2530514535063339,0.0,0.0,0.0,0.0,0.0,0.0,0.0,0.0
doge,2025-10-08,1,3.26431099609355,-0.268044733198819,0.00669015773786349,3155008540.142857,0.2551416841541595,0.0,0.0,0.0,0.0,0.0,0.0,-0.0,0.0
doge,2025-10-09,0,-2.7533387783162135,-2.402699975145467,0.006041785469258349,3162738679.714286,0.2562004042033116,0.0,0.0,0.0,0.0,0.0,0.0,-0.0,0.0
doge,2025-10-10,0,-21.919722066252515,-3.927033647427086,0.006086696216668138,3085516750.0,0.25429702410898386,0.0,0.0,0.0,0.0,0.0,0.0,-0.0,0.0
doge,2025-10-11,0,-4.305777476794818,-22.680132378862027,0.021652714611579815,3790858986.428571,0.24506652951892602,0.0,0.0,0.0,0.0,0.0,0.0,-0.0,0.0
doge,2025-10-12,1,11.799398304399327,-26.61648721225514,0.029693777509042184,4412063951.714286,0.2357445117033685,0.0,0.0,0.0,0.0,0.0,0.0,-0.0,0.0
doge,2025-10-13,1,3.090202407883138,-22.068475782815845,0.030181514241055432,4659367093.0,0.22925504844239247,0.0,0.0,0.0,0.0,0.0,0.0,-0.0,0.0
doge,2025-10-14,0,-4.3322761722692515,-13.521354507380861,0.026312179658291135,4761972861.142858,0.22177555538933097,0.0,0.0,0.0,0.0,0.0,0.0,-0.0,0.0
doge,2025-10-15,0,-4.179688245279822,-19.883112624485598,0.024556344953863288,4856950999.857142,0.21567255511442524,0.0,0.0,0.0,0.0,0.0,0.0,-0.0,0.0
doge,2025-10-16,0,-4.037939970303127,-21.058213940738995,0.018956564229389627,4827515689.714286,0.2071936979401963,0.0,0.0,0.0,0.0,0.0,0.0,-0.0,0.0
doge,2025-10-17,0,-1.7493618920404046,-2.9791310540906504,0.009680910562712957,4873303165.714286,0.1985883729210327,0.0,0.0,0.0,0.0,0.0,0.0,-0.0,0.0
doge,2025-10-18,1,2.5034052028418503,-0.3872748805416819,0.01075761692144436,4160497114.142857,0.19729244454734718,0.0,0.0,0.0,0.0,0.0,0.0,-0.0,0.0
doge,2025-10-19,1,2.9870509371789455,-8.66995993593511,0.0102260706580301,3436121396.857143,0.19785105016957963,0.0,0.0,0.0,0.0,0.0,0.0,-0.0,0.0
doge,2025-10-20,1,2.4389474007574163,-8.76134425502692,0.009437579449025083,3012273405.571429,0.1960893949983268,0.0,0.0,0.0,0.0,0.0,0.0,-0.0,0.0
doge,2025-10-21,0,-2.733488880058473,-2.3036037357260013,0.006453899282704446,2651058320.428571,0.19409168934370694,0.0,0.0,0.0,0.0,0.0,0.0,-0.0,0.0
doge,2025-10-22,0,-2.3067732796561713,-0.8290889520183978,0.0048520262714662095,2377185321.857143,0.19263724843486946,0.0,0.0,0.0,0.0,0.0,0.0,-0.0,0.0
doge,2025-10-23,1,2.507020414649224,0.9599657830951319,0.004693025669979456,2340625159.571429,0.19176400118624,0.0,0.0,0.0,0.0,0.0,0.0,0.0,0.0
doge,2025-10-24,1,1.4706145233851542,5.333720705388538,0.004542281421831997,2110352404.857143,0.19270262817379802,0.0,0.0,0.0,0.0,0.0,0.0,0.0,0.0
doge,2025-10-25,0,-0.5297592030459396,4.272412695554696,0.0034849810694659498,1866785906.142857,0.19452080240328748,0.0,0.0,0.0,0.0,0.0,0.0,0.0,0.0
doge,2025-10-26,1,4.703699683223797,0.711709918104277,0.0028644781211377437,1850274116.5714285,0.1955280948430192,0.0,0.0,0.0,0.0,0.0,0.0,0.0,0.0
doge,2025-10-27,0,-2.5844262137531326,2.9382758941856775,0.004590932708647634,1808344003.857143,0.19704759471615593,0.0,0.0,0.0,0.0,0.0,0.0,0.0,0.0
doge,2025-10-28,0,-3.370813644024183,3.0960306413539063,0.004645197222924313,1788273879.2857144,0.19712698466063577,0.0,0.0,0.0,0.0,0.0,0.0,0.0,0.0
doge,2025-10-29,0,-0.7262526911702736,1.9731448314446498,0.004711471091397326,1786978403.7142856,0.19702163672161802,0.0,0.0,0.0,0.0,0.0,0.0,0.0,0.0
doge,2025-10-30,0,-5.037724402398645,-1.2432887880836008,0.004263792277176089,1787621534.4285715,0.1973562126100763,0.0,0.0,0.0,0.0,0.0,0.0,-0.0,0.0
doge,2025-10-31,1,2.0764513364892023,-7.5775575887793645,0.006713344742437736,1967885244.857143,0.19562593148113933,0.0,0.0,0.0,0.0,0.0,0.0,-0.0,0.0
doge,2025-11-03,0,-10.351006874221122,-7.052189062386809,0.005571117716074336,1838538000.7142856,0.18991616306084533,0.0,0.0,0.0,0.0,0.0,0.0,-0.0,0.0
doge,2025-11-04,0,-2.518494945900008,-13.766451130973806,0.008160992615380672,2064042764.857143,0.18513995891832172,0.0,0.0,0.0,0.0,0.0,0.0,-0.0,0.0
doge,2025-11-05,1,2.7526303466700224,-15.323271682711193,0.010358698605337871,2337712724.142857,0.1807281980706056,0.0,0.0,0.0,0.0,0.0,0.0,-0.0,0.0
doge,2025-11-06,0,-3.6968026339912514,-8.376705286414236,0.010037893459812213,2300180677.857143,0.17715796488503904,0.0,0.0,0.0,0.0,0.0,0.0,-0.0,0.0
doge,2025-11-07,1,11.047512275516151,-13.558748187278885,0.011112604890507496,2138737723.4285715,0.17408819241657023,0.0,0.0,0.0,0.0,0.0,0.0,-0.0,0.0
doge,2025-11-08,0,-1.5210365734533844,-4.425591311942832,0.010193779875906988,2336583968.571429,0.17302028407122164,0.0,0.0,0.0,0.0,0.0,0.0,-0.0,0.0
doge,2025-11-09,1,1.6050748358093863,-5.4299542872635325,0.008598226037856621,2524650090.142857,0.17144739689185456,0.0,0.0,0.0,0.0,0.0,0.0,-0.0,0.0
doge,2025-11-10,1,1.635326839820392,7.18242600212161,0.007023547494213337,2613269126.714286,0.1704057869162118,0.0,0.0,0.0,0.0,0.0,0.0,0.0,0.0
doge,2025-11-11,0,-5.528621447973641,11.749617449636627,0.007903936979284307,2423004381.857143,0.1725385990823515,0.0,0.0,0.0,0.0,0.0,0.0,0.0,0.0
doge,2025-11-12,0,-1.169852132636739,2.7432619243978795,0.006893022446777071,2062463675.7142856,0.1738349864264292,0.0,0.0,0.0,0.0,0.0,0.0,0.0,0.0
doge,2025-11-13,0,-3.3804252849456935,5.4391966839045605,0.006599924262769323,2005354641.857143,0.1742035014772713,0.0,0.0,0.0,0.0,0.0,0.0,0.0,0.0
doge,2025-11-14,0,-3.847941896504884,-8.260075951814281,0.0057818417316938585,2119862211.2857144,0.17463520210111225,0.0,0.0,0.0,0.0,0.0,0.0,-0.0,0.0
doge,2025-11-15,1,3.3519987360342403,-10.42774821578248,0.007857878283888337,2131709568.4285715,0.17162058014723877,0.0,0.0,0.0,0.0,0.0,0.0,-0.0,0.0
doge,2025-11-16,0,-2.627270244264699,-8.887707940317222,0.008085270125998344,2005571823.0,0.169750891247958,0.0,0.0,0.0,0.0,0.0,0.0,-0.0,0.0
doge,2025-11-17,0,-4.506036427948039,-12.708967757486905,0.007838935522348838,2030036359.4285715,0.16686461877420175,0.0,0.0,0.0,0.0,0.0,0.0,-0.0,0.0
doge,2025-11-18,1,6.489101252015364,-11.764104844275494,0.00653138356069438,2118977904.5714285,0.16253718544435974,0.0,0.0,0.0,0.0,0.0,0.0,-0.0,0.0
doge,2025-11-19,0,-4.577298993894717,-4.926164980442581,0.005284083364569255,2176774855.714286,0.1610538565617277,0.0,0.0,0.0,0.0,0.0,0.0,-0.0,0.0
doge,2025-11-20,0,-3.117235869911654,-6.1038908592766905,0.004279850203328326,2244879390.857143,0.15880138543007202,0.0,0.0,0.0,0.0,0.0,0.0,-0.0,0.0
doge,2025-11-21,0,-6.181574581366435,-5.3903288807183944,0.004730328588978562,2231460736.0,0.15668302522639835,0.0,0.0,0.0,0.0,0.0,0.0,-0.0,0.0
doge,2025-11-23,1,3.348738242878279,-11.673762174614914,0.0077350962548831045,2363350748.0,0.1508860897085927,0.0,0.0,0.0,0.0,0.0,0.0,-0.0,0.0
doge,2025-11-24,1,4.708090942356804,-4.4085626825366075,0.0071877803454119095,2308302623.857143,0.14890775209089588,9.0,0.04647841097580062,5.0,3.0,0.0,0.0,-0.20490298817151448,0.0
doge,2025-11-25,1,0.8349256835785283,-6.007311600273956,0.007195757594247131,2185221095.428571,0.14892768651726834,12.0,0.11203683043519656,7.0,3.0,0.0,1.0,-0.6730401511312826,1.0
doge,2025-11-26,1,1.0692310587474958,-0.6761949760809094,0.005478547527627587,2064289291.4285715,0.14772223746617705,16.0,0.15496441611321643,10.0,4.0,0.0,1.0,-0.10478615964706847,0.0
doge,2025-11-27,0,-1.2941782664362478,3.615753428724039,0.005581631070418041,1967600660.5714285,0.14780721175813127,18.0,0.2004454399510804,12.0,4.0,0.0,1.0,0.7247612867752175,0.0
doge,2025-11-28,0,-1.6041591614318413,9.01353376042934,0.005838271028676562,1746446405.857143,0.14829261723194603,1.0,0.27796629124528005,3.0,-2.0,0.0,0.0,2.924393276862155,0.0
doge,2025-11-29,0,-1.1621430065382243,7.111197363173029,0.004801307685611375,1415522493.857143,0.14974699055231427,-4.0,0.1188143019292814,-1.0,-1.0,0.0,0.0,1.6416279637557836,0.0
doge,2025-11-30,0,-1.2606407723907178,2.436095373513446,0.0030362217071779217,1295741190.4285715,0.15092310096026898,-11.0,0.0009838516707532108,-6.0,-3.0,0.0,0.0,0.3799048536559644,0.0
doge,2025-12-01,0,-7.4432128887854,-3.4031245538881794,0.0026007640549242338,1212099877.4285715,0.1511602870165548,-4.0,-0.7809674045381447,-5.0,2.0,0.0,0.0,1.451619574962655,0.0
doge,2025-12-02,1,7.6076082535599445,-11.333336384554684,0.005933986852789481,1228252200.5714285,0.1488621210911915,5.0,-0.322755971956732,1.0,4.0,0.0,0.0,-0.09555451955903135,0.0
doge,2025-12-03,1,3.9978959533316325,-5.597306880319545,0.00571684853433047,1216921105.142857,0.14785845756440572,16.0,-0.17363302859012036,8.0,7.0,1.0,1.0,-0.024191912919830496,0.0
doge,2025-12-04,0,-2.9235262028024582,-0.5359432265742741,0.005299482734610465,1209821306.857143,0.14745534927035384,29.0,0.24443849592353217,19.0,9.0,1.0,1.0,-0.06868461979689483,0.0
doge,2025-12-05,0,-5.389075102907344,-1.8696337280170525,0.004846479564114287,1249715889.5714285,0.14670377534129506,43.0,0.6162443212183946,26.0,15.0,1.0,1.0,-0.12969079163918015,0.0
doge,2025-12-07,0,-1.0180015671629616,-4.829893632975926,0.005260361026268631,1243213267.142857,0.1438869342122011,29.0,0.07728613687070543,16.0,8.0,1.0,1.0,-0.37799176867396816,0.0
doge,2025-12-08,1,3.1750818888719152,1.7767320288965154,0.005449919195226224,1292129294.4285715,0.14267170926895853,20.0,-0.2414640169994285,1.0,12.0,1.0,0.0,-0.08048495746401445,0.0
doge,2025-12-09,1,3.9021977599108144,-2.415611387629033,0.004687292073293823,1172142506.7142856,0.14364314991115382,8.0,-0.07829544896288357,0.0,1.0,0.0,0.0,0.1289540461846901,0.0
doge,2025-12-10,0,-3.0854678795481427,-2.505407912940176,0.004889779986776326,1207974532.2857144,0.14393376336912964,7.0,-0.08376304554157679,1.0,2.0,0.0,0.0,0.12035132292851973,0.0
doge,2025-12-11,0,-2.1724348424254503,-2.668047089031374,0.003649464125581813,1205695571.5714285,0.14273693218160735,11.0,-0.14277135490393555,3.0,6.0,1.0,0.0,0.40576903957866334,0.0
doge,2025-12-12,0,-2.4622752674240953,0.6411043509876878,0.0031302570465779646,1248045196.7142856,0.14172914078188295,6.0,-0.16786668043353514,-3.0,9.0,1.0,0.0,-0.10063165298536875,0.0
doge,2025-12-13,1,1.5639915749445232,-1.875254683620938,0.003491977066314364,1227885282.0,0.1413629106933571,-4.0,-0.028436765116768792,-6.0,1.0,0.0,0.0,0.1843864421211672,0.0
doge,2025-12-14,0,-3.511171382727106,0.6843765977160081,0.003529797900807092,1205204616.857143,0.14129498111172092,-19.0,-0.07453244796101244,-11.0,-2.0,0.0,0.0,-0.12775019532660317,0.0
doge,2025-12-15,0,-3.4145718767436697,-5.840466708446617,0.004225406450542083,1172170535.857143,0.14073218476514232,10.0,0.06526126561614587,5.0,8.0,1.0,1.0,0.5715724136473819,0.0
doge,2025-12-16,1,2.4618366875901505,-12.471160082047362,0.005608576764994019,1198951466.7142856,0.13888770705610254,14.0,0.09877889037514345,9.0,5.0,1.0,1.0,0.3908248983072656,0.0
